Workbook

Sheet Dashboard
C3: [RNF Dash Board]
C6: # 월별 매출액 | F6: 최근 1년 | K6: # 고객별 매출추이
F7: 매출처(수) | G7: 매출 | H7: 매출원가 | I7: 수익 (E)
F8: =AVERAGE(F11:F22) -> 5.4166667 | G8: =SUM(G11:G22) -> 279393587 | H8: =SUM(H11:H22) -> 210944426 | I8: =SUM(I11:I22) -> 68449161 | K8: 고객명 | L8: 월 | M8: 매출
C9: [전체 매출] | K9: 현대지게차경기북부판매(주) | L9: 2025년2월 | M9: =SUMIFS( RAW!$N$3:$N$999, RAW!$G$3:$G$999, $K$9, RAW!$F$3:$F$999, L9 ) -> 0
C10: 년 | D10: 월 | E10: 년월 | F10: 매출처 (수) | G10: 매출 | H10: 매출원가 | I10: 수익 (E) | L10: 2025년3월 | M10: =SUMIFS( RAW!$N$3:$N$999, RAW!$G$3:$G$999, $K$9, RAW!$F$3:$F$999, L10 ) -> 0
C11: 2025년 | D11: 4월 | E11: =CONCATENATE(C11,D11) -> 2025년4월 | F11: {=COUNTA(_xlfn.UNIQUE(_xlfn._xlws.FILTER(RAW!$G$4:$G$1000,(RAW!$F$4:$F$1000=E11) * (RAW!$G$4:$G$1000<>""))))} -> 4 | G11: =SUMIF(RAW!F:F,Dashboard!E11,RAW!N:N) -> 7491000 | H11: =SUMIF(RAW!F:F,Dashboard!E11,RAW!P:P) -> 6485600 | I11: =G11-H11 -> 1005400 | L11: 2025년4월 | M11: =SUMIFS( RAW!$N$3:$N$999, RAW!$G$3:$G$999, $K$9, RAW!$F$3:$F$999, L11 ) -> 0
C12: 2025년 | D12: 5월 | E12: =CONCATENATE(C12,D12) -> 2025년5월 | F12: {=COUNTA(_xlfn.UNIQUE(_xlfn._xlws.FILTER(RAW!$G$4:$G$1000,(RAW!$F$4:$F$1000=E12) * (RAW!$G$4:$G$1000<>""))))} -> 9 | G12: =SUMIF(RAW!F:F,Dashboard!E12,RAW!N:N) -> 94519040 | H12: =SUMIF(RAW!F:F,Dashboard!E12,RAW!P:P) -> 74413108 | I12: =G12-H12 -> 20105932 | L12: 2025년5월 | M12: =SUMIFS( RAW!$N$3:$N$999, RAW!$G$3:$G$999, $K$9, RAW!$F$3:$F$999, L12 ) -> 5610000
C13: 2025년 | D13: 6월 | E13: =CONCATENATE(C13,D13) -> 2025년6월 | F13: {=COUNTA(_xlfn.UNIQUE(_xlfn._xlws.FILTER(RAW!$G$4:$G$1000,(RAW!$F$4:$F$1000=E13) * (RAW!$G$4:$G$1000<>""))))} -> 9 | G13: =SUMIF(RAW!F:F,Dashboard!E13,RAW!N:N) -> 40979147 | H13: =SUMIF(RAW!F:F,Dashboard!E13,RAW!P:P) -> 20553918 | I13: =G13-H13 -> 20425229 | L13: 2025년6월 | M13: =SUMIFS( RAW!$N$3:$N$999, RAW!$G$3:$G$999, $K$9, RAW!$F$3:$F$999, L13 ) -> 3388000
C14: 2025년 | D14: 7월 | E14: =CONCATENATE(C14,D14) -> 2025년7월 | F14: {=COUNTA(_xlfn.UNIQUE(_xlfn._xlws.FILTER(RAW!$G$4:$G$1000,(RAW!$F$4:$F$1000=E14) * (RAW!$G$4:$G$1000<>""))))} -> 5 | G14: =SUMIF(RAW!F:F,Dashboard!E14,RAW!N:N) -> 16948800 | H14: =SUMIF(RAW!F:F,Dashboard!E14,RAW!P:P) -> 14938000 | I14: =G14-H14 -> 2010800 | L14: 2025년7월 | M14: =SUMIFS( RAW!$N$3:$N$999, RAW!$G$3:$G$999, $K$9, RAW!$F$3:$F$999, L14 ) -> 4584800
C15: 2025년 | D15: 8월 | E15: =CONCATENATE(C15,D15) -> 2025년8월 | F15: {=COUNTA(_xlfn.UNIQUE(_xlfn._xlws.FILTER(RAW!$G$4:$G$1000,(RAW!$F$4:$F$1000=E15) * (RAW!$G$4:$G$1000<>""))))} -> 4 | G15: =SUMIF(RAW!F:F,Dashboard!E15,RAW!N:N) -> 13255000 | H15: =SUMIF(RAW!F:F,Dashboard!E15,RAW!P:P) -> 11396000 | I15: =G15-H15 -> 1859000 | L15: 2025년8월 | M15: =SUMIFS( RAW!$N$3:$N$999, RAW!$G$3:$G$999, $K$9, RAW!$F$3:$F$999, L15 ) -> 3179000
C16: 2025년 | D16: 9월 | E16: =CONCATENATE(C16,D16) -> 2025년9월 | F16: {=COUNTA(_xlfn.UNIQUE(_xlfn._xlws.FILTER(RAW!$G$4:$G$1000,(RAW!$F$4:$F$1000=E16) * (RAW!$G$4:$G$1000<>""))))} -> 6 | G16: =SUMIF(RAW!F:F,Dashboard!E16,RAW!N:N) -> 16970800 | H16: =SUMIF(RAW!F:F,Dashboard!E16,RAW!P:P) -> 15118400 | I16: =G16-H16 -> 1852400 | L16: 2025년9월 | M16: =SUMIFS( RAW!$N$3:$N$999, RAW!$G$3:$G$999, $K$9, RAW!$F$3:$F$999, L16 ) -> 1606000
C17: 2025년 | D17: 10월 | E17: =CONCATENATE(C17,D17) -> 2025년10월 | F17: {=COUNTA(_xlfn.UNIQUE(_xlfn._xlws.FILTER(RAW!$G$4:$G$1000,(RAW!$F$4:$F$1000=E17) * (RAW!$G$4:$G$1000<>""))))} -> 4 | G17: =SUMIF(RAW!F:F,Dashboard!E17,RAW!N:N) -> 7997000 | H17: =SUMIF(RAW!F:F,Dashboard!E17,RAW!P:P) -> 6589000 | I17: =G17-H17 -> 1408000 | L17: 2025년10월 | M17: =SUMIFS( RAW!$N$3:$N$999, RAW!$G$3:$G$999, $K$9, RAW!$F$3:$F$999, L17 ) -> 616000
C18: 2025년 | D18: 11월 | E18: =CONCATENATE(C18,D18) -> 2025년11월 | F18: {=COUNTA(_xlfn.UNIQUE(_xlfn._xlws.FILTER(RAW!$G$4:$G$1000,(RAW!$F$4:$F$1000=E18) * (RAW!$G$4:$G$1000<>""))))} -> 7 | G18: =SUMIF(RAW!F:F,Dashboard!E18,RAW!N:N) -> 53264200 | H18: =SUMIF(RAW!F:F,Dashboard!E18,RAW!P:P) -> 38390000 | I18: =G18-H18 -> 14874200 | L18: 2025년11월 | M18: =SUMIFS( RAW!$N$3:$N$999, RAW!$G$3:$G$999, $K$9, RAW!$F$3:$F$999, L18 ) -> 5139200
C19: 2025년 | D19: 12월 | E19: =CONCATENATE(C19,D19) -> 2025년12월 | F19: {=COUNTA(_xlfn.UNIQUE(_xlfn._xlws.FILTER(RAW!$G$4:$G$1000,(RAW!$F$4:$F$1000=E19) * (RAW!$G$4:$G$1000<>""))))} -> 8 | G19: =SUMIF(RAW!F:F,Dashboard!E19,RAW!N:N) -> 18966200 | H19: =SUMIF(RAW!F:F,Dashboard!E19,RAW!P:P) -> 16205200 | I19: =G19-H19 -> 2761000 | L19: 2025년12월 | M19: =SUMIFS( RAW!$N$3:$N$999, RAW!$G$3:$G$999, $K$9, RAW!$F$3:$F$999, L19 ) -> 3179000
C20: 2026년 | D20: 1월 | E20: =CONCATENATE(C20,D20) -> 2026년1월 | F20: {=COUNTA(_xlfn.UNIQUE(_xlfn._xlws.FILTER(RAW!$G$4:$G$1000,(RAW!$F$4:$F$1000=E20) * (RAW!$G$4:$G$1000<>""))))} -> 7 | G20: =SUMIF(RAW!F:F,Dashboard!E20,RAW!N:N) -> 9002400 | H20: =SUMIF(RAW!F:F,Dashboard!E20,RAW!P:P) -> 6855200 | I20: =G20-H20 -> 2147200 | L20: 2026년1월 | M20: =SUMIFS( RAW!$N$3:$N$999, RAW!$G$3:$G$999, $K$9, RAW!$F$3:$F$999, L20 ) -> 0
C21: 2026년 | D21: 2월 | F21: {=COUNTA(_xlfn.UNIQUE(_xlfn._xlws.FILTER(RAW!$G$4:$G$1000,(RAW!$F$4:$F$1000=E21) * (RAW!$G$4:$G$1000<>""))))} -> 1 | G21: =SUMIF(RAW!F:F,Dashboard!E21,RAW!N:N) -> 0 | H21: =SUMIF(RAW!F:F,Dashboard!E21,RAW!P:P) -> 0 | I21: =G21-H21 -> 0
C22: 2026년 | D22: 3월 | F22: {=COUNTA(_xlfn.UNIQUE(_xlfn._xlws.FILTER(RAW!$G$4:$G$1000,(RAW!$F$4:$F$1000=E22) * (RAW!$G$4:$G$1000<>""))))} -> 1 | G22: =SUMIF(RAW!F:F,Dashboard!E22,RAW!N:N) -> 0 | H22: =SUMIF(RAW!F:F,Dashboard!E22,RAW!P:P) -> 0 | I22: =G22-H22 -> 0 | K22: # Top 5 (전체) | N22: # 매출비중
N23: {=_xlfn.UNIQUE(_xlfn._xlws.FILTER(RAW!I5:I1999, RAW!I5:I1999<>""))} -> 렌탈 | O23: =SUMIFS(RAW!N:N, RAW!I:I, N23) / SUM(RAW!N:N) -> 0.18060086 | P23: =SUMIFS(RAW!N:N, RAW!I:I,Dashboard!N23) -> 52613000
F24: 최근 1년 현황 | H24: 매출 | I24: =SUM(G27:G38)/10 -> 10590580 | K24: {=_xlfn.TAKE( _xlfn.SORTBY( _xlfn.UNIQUE(_xlfn._xlws.FILTER(RAW!G3:G999, RAW!G3:G999<>"")), _xlfn.BYROW( _xlfn.UNIQUE(_xlfn._xlws.FILTER(RAW!G3:G999, RAW!G3:G999<>"")), _xlfn.LAMBDA(_xlpm.c, SUMIFS(RAW!N3:N999, RAW!G3:G999, _xlpm.c)) ), -1 ), 5 )} -> 동성종합지게차 | L24: =SUMIFS(RAW!N:N,RAW!G:G,Dashboard!K24) -> 1.0038795e+08 | N24: 기타 | O24: =SUMIFS(RAW!N:N, RAW!I:I, N24) / SUM(RAW!N:N) -> 0.31906277 | P24: =SUMIFS(RAW!N:N, RAW!I:I,Dashboard!N24) -> 92950000
C25: [타이어 매출] | F25: 거래처 | G25: =SUM(F27:F36)/10 -> 3.7 | H25: 수익 | I25: =SUM(I26:I38)/10 -> 1250150 | K25: 주식회사 에스제이 | L25: =SUMIFS(RAW!N:N,RAW!G:G,Dashboard!K25) -> 43945000 | N25: 타이어 | O25: =SUMIFS(RAW!N:N, RAW!I:I, N25) / SUM(RAW!N:N) -> 0.36353521 | P25: =SUMIFS(RAW!N:N, RAW!I:I,Dashboard!N25) -> 105905800
C26: 년 | D26: 월 | E26: 년월 | F26: 매출처 (수) | G26: 매출 | H26: 매출원가 | I26: 수익 (E) | K26: 백호중기 | L26: =SUMIFS(RAW!N:N,RAW!G:G,Dashboard!K26) -> 33576400 | N26: LFP(지게차) | O26: =SUMIFS(RAW!N:N, RAW!I:I, N26) / SUM(RAW!N:N) -> 0.041913029 | P26: =SUMIFS(RAW!N:N, RAW!I:I,Dashboard!N26) -> 12210187
C27: 2025년 | D27: 4월 | E27: =CONCATENATE(C27,D27) -> 2025년4월 | F27: {=COUNTA(_xlfn.UNIQUE(_xlfn._xlws.FILTER(RAW!$G:$G,(RAW!$F:$F=E27)*(RAW!$I:$I="타이어"), "")))} -> 2 | G27: =SUMIFS(RAW!N:N,RAW!F:F,Dashboard!E27,RAW!I:I,"타이어") -> 5203000 | H27: =SUMIFS(RAW!P:P,RAW!F:F,Dashboard!E27,RAW!I:I,"타이어") -> 4747600 | I27: =G27-H27 -> 455400 | K27: 현대지게차경기북부판매(주) | L27: =SUMIFS(RAW!N:N,RAW!G:G,Dashboard!K27) -> 29282000 | N27: LFP(고소작업대) | O27: =SUMIFS(RAW!N:N, RAW!I:I, N27) / SUM(RAW!N:N) -> 0.094888135 | P27: =SUMIFS(RAW!N:N, RAW!I:I,Dashboard!N27) -> 27643000
C28: 2025년 | D28: 5월 | E28: =CONCATENATE(C28,D28) -> 2025년5월 | F28: {=COUNTA(_xlfn.UNIQUE(_xlfn._xlws.FILTER(RAW!$G:$G,(RAW!$F:$F=E28)*(RAW!$I:$I="타이어"), "")))} -> 5 | G28: =SUMIFS(RAW!N:N,RAW!F:F,Dashboard!E28,RAW!I:I,"타이어") -> 18400800 | H28: =SUMIFS(RAW!P:P,RAW!F:F,Dashboard!E28,RAW!I:I,"타이어") -> 15354900 | I28: =G28-H28 -> 3045900 | K28: 도화중기주식회사 | L28: =SUMIFS(RAW!N:N,RAW!G:G,Dashboard!K28) -> 21421400 | O28: =SUMIFS(RAW!N:N, RAW!I:I, N28) / SUM(RAW!N:N) -> 0 | P28: =SUMIFS(RAW!N:N, RAW!I:I,Dashboard!N28) -> 0
C29: 2025년 | D29: 6월 | E29: =CONCATENATE(C29,D29) -> 2025년6월 | F29: {=COUNTA(_xlfn.UNIQUE(_xlfn._xlws.FILTER(RAW!$G:$G,(RAW!$F:$F=E29)*(RAW!$I:$I="타이어"), "")))} -> 4 | G29: =SUMIFS(RAW!N:N,RAW!F:F,Dashboard!E29,RAW!I:I,"타이어") -> 8769200 | H29: =SUMIFS(RAW!P:P,RAW!F:F,Dashboard!E29,RAW!I:I,"타이어") -> 8261000 | I29: =G29-H29 -> 508200 | O29: =SUMIFS(RAW!N:N, RAW!I:I, N29) / SUM(RAW!N:N) -> 0 | P29: =SUMIFS(RAW!N:N, RAW!I:I,Dashboard!N29) -> 0
C30: 2025년 | D30: 7월 | E30: =CONCATENATE(C30,D30) -> 2025년7월 | F30: {=COUNTA(_xlfn.UNIQUE(_xlfn._xlws.FILTER(RAW!$G:$G,(RAW!$F:$F=E30)*(RAW!$I:$I="타이어"), "")))} -> 3 | G30: =SUMIFS(RAW!N:N,RAW!F:F,Dashboard!E30,RAW!I:I,"타이어") -> 12240800 | H30: =SUMIFS(RAW!P:P,RAW!F:F,Dashboard!E30,RAW!I:I,"타이어") -> 11440000 | I30: =G30-H30 -> 800800 | K30: # Top 5 (타이어)
C31: 2025년 | D31: 8월 | E31: =CONCATENATE(C31,D31) -> 2025년8월 | F31: {=COUNTA(_xlfn.UNIQUE(_xlfn._xlws.FILTER(RAW!$G:$G,(RAW!$F:$F=E31)*(RAW!$I:$I="타이어"), "")))} -> 2 | G31: =SUMIFS(RAW!N:N,RAW!F:F,Dashboard!E31,RAW!I:I,"타이어") -> 8547000 | H31: =SUMIFS(RAW!P:P,RAW!F:F,Dashboard!E31,RAW!I:I,"타이어") -> 7898000 | I31: =G31-H31 -> 649000
C32: 2025년 | D32: 9월 | E32: =CONCATENATE(C32,D32) -> 2025년9월 | F32: {=COUNTA(_xlfn.UNIQUE(_xlfn._xlws.FILTER(RAW!$G:$G,(RAW!$F:$F=E32)*(RAW!$I:$I="타이어"), "")))} -> 4 | G32: =SUMIFS(RAW!N:N,RAW!F:F,Dashboard!E32,RAW!I:I,"타이어") -> 12262800 | H32: =SUMIFS(RAW!P:P,RAW!F:F,Dashboard!E32,RAW!I:I,"타이어") -> 11620400 | I32: =G32-H32 -> 642400 | K32: {=_xlfn.TAKE( _xlfn.SORTBY( _xlfn.UNIQUE(_xlfn._xlws.FILTER(RAW!$G$3:$G$999, RAW!$G$3:$G$999<>"")), _xlfn.BYROW( _xlfn.UNIQUE(_xlfn._xlws.FILTER(RAW!$G$3:$G$999, RAW!$G$3:$G$999<>"")), _xlfn.LAMBDA(_xlpm.c, SUMIFS(RAW!$N$3:$N$999, RAW!$G$3:$G$999, _xlpm.c, RAW!$I$3:$I$999, "타이어")) ), -1 ), 5 )} -> 백호중기 | L32: =SUMIFS(RAW!N:N,RAW!G:G,Dashboard!K32,RAW!I:I,"타이어") -> 33576400
C33: 2025년 | D33: 10월 | E33: =CONCATENATE(C33,D33) -> 2025년10월 | F33: {=COUNTA(_xlfn.UNIQUE(_xlfn._xlws.FILTER(RAW!$G:$G,(RAW!$F:$F=E33)*(RAW!$I:$I="타이어"), "")))} -> 2 | G33: =SUMIFS(RAW!N:N,RAW!F:F,Dashboard!E33,RAW!I:I,"타이어") -> 3289000 | H33: =SUMIFS(RAW!P:P,RAW!F:F,Dashboard!E33,RAW!I:I,"타이어") -> 3091000 | I33: =G33-H33 -> 198000 | K33: 현대지게차경기북부판매(주) | L33: =SUMIFS(RAW!N:N,RAW!G:G,Dashboard!K33,RAW!I:I,"타이어") -> 22682000
C34: 2025년 | D34: 11월 | E34: =CONCATENATE(C34,D34) -> 2025년11월 | F34: {=COUNTA(_xlfn.UNIQUE(_xlfn._xlws.FILTER(RAW!$G:$G,(RAW!$F:$F=E34)*(RAW!$I:$I="타이어"), "")))} -> 4 | G34: =SUMIFS(RAW!N:N,RAW!F:F,Dashboard!E34,RAW!I:I,"타이어") -> 15413200 | H34: =SUMIFS(RAW!P:P,RAW!F:F,Dashboard!E34,RAW!I:I,"타이어") -> 13695000 | I34: =G34-H34 -> 1718200 | K34: 도화중기주식회사 | L34: =SUMIFS(RAW!N:N,RAW!G:G,Dashboard!K34,RAW!I:I,"타이어") -> 21421400
C35: 2025년 | D35: 12월 | E35: =CONCATENATE(C35,D35) -> 2025년12월 | F35: {=COUNTA(_xlfn.UNIQUE(_xlfn._xlws.FILTER(RAW!$G:$G,(RAW!$F:$F=E35)*(RAW!$I:$I="타이어"), "")))} -> 6 | G35: =SUMIFS(RAW!N:N,RAW!F:F,Dashboard!E35,RAW!I:I,"타이어") -> 14258200 | H35: =SUMIFS(RAW!P:P,RAW!F:F,Dashboard!E35,RAW!I:I,"타이어") -> 12707200 | I35: =G35-H35 -> 1551000 | K35: 대양토탈라인 주식회사 | L35: =SUMIFS(RAW!N:N,RAW!G:G,Dashboard!K35,RAW!I:I,"타이어") -> 10835000
C36: 2026년 | D36: 1월 | E36: =CONCATENATE(C36,D36) -> 2026년1월 | F36: {=COUNTA(_xlfn.UNIQUE(_xlfn._xlws.FILTER(RAW!$G:$G,(RAW!$F:$F=E36)*(RAW!$I:$I="타이어"), "")))} -> 5 | G36: =SUMIFS(RAW!N:N,RAW!F:F,Dashboard!E36,RAW!I:I,"타이어") -> 4294400 | H36: =SUMIFS(RAW!P:P,RAW!F:F,Dashboard!E36,RAW!I:I,"타이어") -> 3357200 | I36: =G36-H36 -> 937200 | K36: 상주대형중기화물 | L36: =SUMIFS(RAW!N:N,RAW!G:G,Dashboard!K36,RAW!I:I,"타이어") -> 4699200
C37: 2026년 | D37: 2월 | E37: =CONCATENATE(C37,D37) -> 2026년2월 | F37: {=COUNTA(_xlfn.UNIQUE(_xlfn._xlws.FILTER(RAW!$G:$G,(RAW!$F:$F=E37)*(RAW!$I:$I="타이어"), "")))} -> 2 | G37: =SUMIFS(RAW!N:N,RAW!F:F,Dashboard!E37,RAW!I:I,"타이어") -> 1247400 | H37: =SUMIFS(RAW!P:P,RAW!F:F,Dashboard!E37,RAW!I:I,"타이어") -> 1232000 | I37: =G37-H37 -> 15400
C38: 2026년 | D38: 3월 | E38: =CONCATENATE(C38,D38) -> 2026년3월 | F38: {=COUNTA(_xlfn.UNIQUE(_xlfn._xlws.FILTER(RAW!$G:$G,(RAW!$F:$F=E38)*(RAW!$I:$I="타이어"), "")))} -> 1 | G38: =SUMIFS(RAW!N:N,RAW!F:F,Dashboard!E38,RAW!I:I,"타이어") -> 1980000 | H38: =SUMIFS(RAW!P:P,RAW!F:F,Dashboard!E38,RAW!I:I,"타이어") -> 0 | I38: =G38-H38 -> 1980000

Sheet RAW
B4: 순번 | C4: 날짜 | D4: 년 | E4: 월 | F4: 년월 | G4: 고객명 | H4: 사업자번호 | I4: 종류 | J4: Maker | K4: 규격 | L4: 수량 | M4: 판매단가 | N4: 총매출 | O4: 매입단가 | P4: 총매입 | Q4: Margin | R4: 계산서 | S4: 입금 | T4: 배송일자 | U4: 배송확인 | V4: 휠반납 확인 | W4: Closing | X4: 비고
B5: 1 | C5: 45720 | D5: =IF((C5=""),"",(YEAR(C5)&"년")) -> 2025년 | E5: =IF((C5=""),"",(MONTH(C5)&"월")) -> 3월 | F5: =CONCATENATE(D5,E5) -> 2025년3월 | G5: 주식회사 에스제이 | H5: =IFERROR((VLOOKUP(G5,Backdata!G:H,2,0)),"") -> 235-86-01235 | I5: 렌탈 | J5: 두산 | K5: 4.5톤 | L5: 1 | M5: 1450000 | N5: =M5*L5*1.1 -> 1595000 | O5: 1000000 | P5: =O5*L5*1.1 -> 1100000 | Q5: =N5-P5 -> 495000 | R5: O | T5: =IF(OR(I5="타이어",I5=""),"",C5) -> 45720 | U5: =IF(T5="","","완료") -> 완료
B6: =B5+1 -> 2 | C6: 45733 | D6: =IF((C6=""),"",(YEAR(C6)&"년")) -> 2025년 | E6: =IF((C6=""),"",(MONTH(C6)&"월")) -> 3월 | F6: =CONCATENATE(D6,E6) -> 2025년3월 | G6: 코오롱글로벌(주)상사부문 | H6: =IFERROR((VLOOKUP(G6,Backdata!G:H,2,0)),"") -> 119-85-35038 | I6: 기타 | J6: BYD | K6: 3톤 | L6: 1 | M6: 3000000 | N6: =M6*L6*1.1 -> 3300000 | P6: =O6*L6*1.1 -> 0 | Q6: =N6-P6 -> 3300000 | R6: O | T6: =IF(OR(I6="타이어",I6=""),"",C6) -> 45733 | U6: =IF(T6="","","완료") -> 완료
B7: =B6+1 -> 3 | C7: 45749 | D7: =IF((C7=""),"",(YEAR(C7)&"년")) -> 2025년 | E7: =IF((C7=""),"",(MONTH(C7)&"월")) -> 4월 | F7: =CONCATENATE(D7,E7) -> 2025년4월 | G7: 도화중기주식회사 | H7: =IFERROR((VLOOKUP(G7,Backdata!G:H,2,0)),"") -> 301-86-32786 | I7: 타이어 | J7: MAXAM | K7: 815-15 | L7: 2 | M7: 323000 | N7: =M7*L7*1.1 -> 710600 | O7: 270000 | P7: =O7*L7*1.1 -> 594000 | Q7: =N7-P7 -> 116600 | R7: O | T7: =IF(OR(I7="타이어",I7=""),"",C7) | U7: =IF(T7="","","완료")
B8: =B7+1 -> 4 | C8: 45751 | D8: =IF((C8=""),"",(YEAR(C8)&"년")) -> 2025년 | E8: =IF((C8=""),"",(MONTH(C8)&"월")) -> 4월 | F8: =CONCATENATE(D8,E8) -> 2025년4월 | G8: 주식회사 에스제이 | H8: =IFERROR((VLOOKUP(G8,Backdata!G:H,2,0)),"") -> 235-86-01235 | I8: 렌탈 | J8: 두산 | K8: 4.5톤 | L8: 1 | M8: 1450000 | N8: =M8*L8*1.1 -> 1595000 | O8: 1000000 | P8: =O8*L8*1.1 -> 1100000 | Q8: =N8-P8 -> 495000 | R8: O | T8: =IF(OR(I8="타이어",I8=""),"",C8) -> 45751 | U8: =IF(T8="","","완료") -> 완료
B9: =B8+1 -> 5 | C9: 45756 | D9: =IF((C9=""),"",(YEAR(C9)&"년")) -> 2025년 | E9: =IF((C9=""),"",(MONTH(C9)&"월")) -> 4월 | F9: =CONCATENATE(D9,E9) -> 2025년4월 | G9: 도화중기주식회사 | H9: =IFERROR((VLOOKUP(G9,Backdata!G:H,2,0)),"") -> 301-86-32786 | I9: 타이어 | J9: 흥아 | K9: 825-15 | L9: 6 | M9: 210000 | N9: =M9*L9*1.1 -> 1386000 | O9: 210000 | P9: =O9*L9*1.1 -> 1386000 | Q9: =N9-P9 -> 0 | R9: O | T9: =IF(OR(I9="타이어",I9=""),"",C9) | U9: =IF(T9="","","완료")
B10: =B9+1 -> 6 | C10: 45756 | D10: =IF((C10=""),"",(YEAR(C10)&"년")) -> 2025년 | E10: =IF((C10=""),"",(MONTH(C10)&"월")) -> 4월 | F10: =CONCATENATE(D10,E10) -> 2025년4월 | G10: 도화중기주식회사 | H10: =IFERROR((VLOOKUP(G10,Backdata!G:H,2,0)),"") -> 301-86-32786 | I10: 타이어 | J10: 흥아 | K10: 825-15 | L10: 6 | M10: 13000 | N10: =M10*L10*1.1 -> 85800 | O10: 13000 | P10: =O10*L10*1.1 -> 85800 | Q10: =N10-P10 -> 0 | R10: O | T10: =IF(OR(I10="타이어",I10=""),"",C10) | U10: =IF(T10="","","완료")
B11: =B10+1 -> 7 | C11: 45756 | D11: =IF((C11=""),"",(YEAR(C11)&"년")) -> 2025년 | E11: =IF((C11=""),"",(MONTH(C11)&"월")) -> 4월 | F11: =CONCATENATE(D11,E11) -> 2025년4월 | G11: 도화중기주식회사 | H11: =IFERROR((VLOOKUP(G11,Backdata!G:H,2,0)),"") -> 301-86-32786 | I11: 타이어 | J11: 흥아 | K11: 825-15 | L11: 6 | M11: 8000 | N11: =M11*L11*1.1 -> 52800 | O11: 8000 | P11: =O11*L11*1.1 -> 52800 | Q11: =N11-P11 -> 0 | R11: O | T11: =IF(OR(I11="타이어",I11=""),"",C11) | U11: =IF(T11="","","완료")
B12: =B11+1 -> 8 | C12: 45757 | D12: =IF((C12=""),"",(YEAR(C12)&"년")) -> 2025년 | E12: =IF((C12=""),"",(MONTH(C12)&"월")) -> 4월 | F12: =CONCATENATE(D12,E12) -> 2025년4월 | G12: 에코파밍 주식회사 | H12: =IFERROR((VLOOKUP(G12,Backdata!G:H,2,0)),"") -> 318-81-11047 | I12: 렌탈 | J12: BYD | K12: 3톤 | L12: 1 | M12: 630000 | N12: =M12*L12*1.1 -> 693000 | O12: 580000 | P12: =O12*L12*1.1 -> 638000 | Q12: =N12-P12 -> 55000 | R12: O | T12: =IF(OR(I12="타이어",I12=""),"",C12) -> 45757 | U12: =IF(T12="","","완료") -> 완료
B13: =B12+1 -> 9 | C13: 45758 | D13: =IF((C13=""),"",(YEAR(C13)&"년")) -> 2025년 | E13: =IF((C13=""),"",(MONTH(C13)&"월")) -> 4월 | F13: =CONCATENATE(D13,E13) -> 2025년4월 | G13: 상주대형중기화물 | H13: =IFERROR((VLOOKUP(G13,Backdata!G:H,2,0)),"") -> 508-03-62404 | I13: 타이어 | J13: KENEX | K13: 650-10 | L13: 10 | M13: 99000 | N13: =M13*L13*1.1 -> 1089000 | O13: 85000 | P13: =O13*L13*1.1 -> 935000 | Q13: =N13-P13 -> 154000 | R13: O | T13: =IF(OR(I13="타이어",I13=""),"",C13) | U13: =IF(T13="","","완료")
B14: =B13+1 -> 10 | C14: 45758 | D14: =IF((C14=""),"",(YEAR(C14)&"년")) -> 2025년 | E14: =IF((C14=""),"",(MONTH(C14)&"월")) -> 4월 | F14: =CONCATENATE(D14,E14) -> 2025년4월 | G14: 상주대형중기화물 | H14: =IFERROR((VLOOKUP(G14,Backdata!G:H,2,0)),"") -> 508-03-62404 | I14: 타이어 | J14: KENEX | K14: 815-15 | L14: 4 | M14: 214000 | N14: =M14*L14*1.1 -> 941600 | O14: 190000 | P14: =O14*L14*1.1 -> 836000 | Q14: =N14-P14 -> 105600 | R14: O | T14: =IF(OR(I14="타이어",I14=""),"",C14) | U14: =IF(T14="","","완료")
B15: =B14+1 -> 11 | C15: 45758 | D15: =IF((C15=""),"",(YEAR(C15)&"년")) -> 2025년 | E15: =IF((C15=""),"",(MONTH(C15)&"월")) -> 4월 | F15: =CONCATENATE(D15,E15) -> 2025년4월 | G15: 상주대형중기화물 | H15: =IFERROR((VLOOKUP(G15,Backdata!G:H,2,0)),"") -> 508-03-62404 | I15: 타이어 | J15: 금호타이어 | K15: 600-15 | L15: 4 | M15: 185000 | N15: =M15*L15*1.1 -> 814000 | O15: 170000 | P15: =O15*L15*1.1 -> 748000 | Q15: =N15-P15 -> 66000 | R15: O | T15: =IF(OR(I15="타이어",I15=""),"",C15) | U15: =IF(T15="","","완료")
B16: =B15+1 -> 12 | C16: 45758 | D16: =IF((C16=""),"",(YEAR(C16)&"년")) -> 2025년 | E16: =IF((C16=""),"",(MONTH(C16)&"월")) -> 4월 | F16: =CONCATENATE(D16,E16) -> 2025년4월 | G16: 상주대형중기화물 | H16: =IFERROR((VLOOKUP(G16,Backdata!G:H,2,0)),"") -> 508-03-62404 | I16: 타이어 | J16: 금호타이어 | K16: 600-15 | L16: 4 | M16: 28000 | N16: =M16*L16*1.1 -> 123200 | O16: 25000 | P16: =O16*L16*1.1 -> 110000 | Q16: =N16-P16 -> 13200 | R16: O | T16: =IF(OR(I16="타이어",I16=""),"",C16) | U16: =IF(T16="","","완료")
B17: =B16+1 -> 13 | C17: 45779 | D17: =IF((C17=""),"",(YEAR(C17)&"년")) -> 2025년 | E17: =IF((C17=""),"",(MONTH(C17)&"월")) -> 5월 | F17: =CONCATENATE(D17,E17) -> 2025년5월 | G17: 동성종합지게차 | H17: =IFERROR((VLOOKUP(G17,Backdata!G:H,2,0)),"") -> 622-09-69331 | I17: 기타 | J17: BYD | K17: 3톤 | L17: 6 | M17: 10000000 | N17: =M17*L17*1.1 -> 66000000 | O17: 8000000 | P17: =O17*L17*1.1 -> 52800000 | Q17: =N17-P17 -> 13200000 | R17: O | T17: =IF(OR(I17="타이어",I17=""),"",C17) -> 45779 | U17: =IF(T17="","","완료") -> 완료
B18: =B17+1 -> 14 | C18: 45784 | D18: =IF((C18=""),"",(YEAR(C18)&"년")) -> 2025년 | E18: =IF((C18=""),"",(MONTH(C18)&"월")) -> 5월 | F18: =CONCATENATE(D18,E18) -> 2025년5월 | G18: 에코파밍 주식회사 | H18: =IFERROR((VLOOKUP(G18,Backdata!G:H,2,0)),"") -> 318-81-11047 | I18: 렌탈 | J18: BYD | K18: 2.5톤 | L18: 1 | M18: 630000 | N18: =M18*L18*1.1 -> 693000 | O18: 580000 | P18: =O18*L18*1.1 -> 638000 | Q18: =N18-P18 -> 55000 | R18: O | T18: =IF(OR(I18="타이어",I18=""),"",C18) -> 45784 | U18: =IF(T18="","","완료") -> 완료
... B28: =B27+1 -> 24 | C28: 45792 | D28: =IF((C28=""),"",(YEAR(C28)&"년")) -> 2025년 | E28: =IF((C28=""),"",(MONTH(C28)&"월")) -> 5월 | F28: =CONCATENATE(D28,E28) -> 2025년5월 | G28: 도화중기주식회사 | H28: =IFERROR((VLOOKUP(G28,Backdata!G:H,2,0)),"") -> 301-86-32786 | I28: 타이어 | J28: 휠 | K28: 900-20 | L28: 1 | M28: 250000 | N28: =M28*L28*1.1 -> 275000 | O28: 230000 | P28: =O28*L28*1.1 -> 253000 | Q28: =N28-P28 -> 22000 | R28: O | T28: =IF(OR(I28="타이어",I28=""),"",C28) | U28: =IF(T28="","","완료")
B29: =B28+1 -> 25 | C29: 45793 | D29: =IF((C29=""),"",(YEAR(C29)&"년")) -> 2025년 | E29: =IF((C29=""),"",(MONTH(C29)&"월")) -> 5월 | F29: =CONCATENATE(D29,E29) -> 2025년5월 | G29: 현대지게차경기북부판매(주) | H29: =IFERROR((VLOOKUP(G29,Backdata!G:H,2,0)),"") -> 428-86-01083 | I29: 기타 | J29: 현대 | K29: 3톤 | L29: 2 | M29: 1000000 | N29: =M29*L29*1.1 -> 2200000 | P29: =O29*L29*1.1 -> 0 | Q29: =N29-P29 -> 2200000 | R29: O | T29: =IF(OR(I29="타이어",I29=""),"",C29) -> 45793 | U29: =IF(T29="","","완료") -> 완료
B30: =B29+1 -> 26 | C30: 45793 | D30: =IF((C30=""),"",(YEAR(C30)&"년")) -> 2025년 | E30: =IF((C30=""),"",(MONTH(C30)&"월")) -> 5월 | F30: =CONCATENATE(D30,E30) -> 2025년5월 | G30: 주식회사 에스제이 | H30: =IFERROR((VLOOKUP(G30,Backdata!G:H,2,0)),"") -> 235-86-01235 | I30: 렌탈 | J30: 현대 | K30: 3톤 | L30: 2 | M30: 1100000 | N30: =M30*L30*1.1 -> 2420000 | O30: 800000 | P30: =O30*L30*1.1 -> 1760000 | Q30: =N30-P30 -> 660000 | R30: O | T30: =IF(OR(I30="타이어",I30=""),"",C30) -> 45793 | U30: =IF(T30="","","완료") -> 완료
B31: =B30+1 -> 27 | C31: 45797 | D31: =IF((C31=""),"",(YEAR(C31)&"년")) -> 2025년 | E31: =IF((C31=""),"",(MONTH(C31)&"월")) -> 5월 | F31: =CONCATENATE(D31,E31) -> 2025년5월 | G31: (주)디피엘 | H31: =IFERROR((VLOOKUP(G31,Backdata!G:H,2,0)),"") -> 126-81-12016 | I31: 타이어 | J31: MAXAM | K31: 21*8-9 | L31: 2 | M31: 175000 | N31: =M31*L31*1.1 -> 385000 | O31: 160000 | P31: =O31*L31*1.1 -> 352000 | Q31: =N31-P31 -> 33000 | R31: O | T31: =IF(OR(I31="타이어",I31=""),"",C31) | U31: =IF(T31="","","완료")
B32: =B31+1 -> 28 | C32: 45797 | D32: =IF((C32=""),"",(YEAR(C32)&"년")) -> 2025년 | E32: =IF((C32=""),"",(MONTH(C32)&"월")) -> 5월 | F32: =CONCATENATE(D32,E32) -> 2025년5월 | G32: (주)디피엘 | H32: =IFERROR((VLOOKUP(G32,Backdata!G:H,2,0)),"") -> 126-81-12016 | I32: 타이어 | J32: MAXAM | K32: 18*7-8 | L32: 2 | M32: 113000 | N32: =M32*L32*1.1 -> 248600 | O32: 100000 | P32: =O32*L32*1.1 -> 220000 | Q32: =N32-P32 -> 28600 | R32: O | T32: =IF(OR(I32="타이어",I32=""),"",C32) | U32: =IF(T32="","","완료")
B33: =B32+1 -> 29 | C33: 45799 | D33: =IF((C33=""),"",(YEAR(C33)&"년")) -> 2025년 | E33: =IF((C33=""),"",(MONTH(C33)&"월")) -> 5월 | F33: =CONCATENATE(D33,E33) -> 2025년5월 | G33: 도화중기주식회사 | H33: =IFERROR((VLOOKUP(G33,Backdata!G:H,2,0)),"") -> 301-86-32786 | I33: 타이어 | J33: MAXAM | K33: 815-15 | L33: 2 | M33: 310000 | N33: =M33*L33*1.1 -> 682000 | O33: 270000 | P33: =O33*L33*1.1 -> 594000 | Q33: =N33-P33 -> 88000 | R33: O | T33: =IF(OR(I33="타이어",I33=""),"",C33) | U33: =IF(T33="","","완료")
B34: =B33+1 -> 30 | C34: 45799 | D34: =IF((C34=""),"",(YEAR(C34)&"년")) -> 2025년 | E34: =IF((C34=""),"",(MONTH(C34)&"월")) -> 5월 | F34: =CONCATENATE(D34,E34) -> 2025년5월 | G34: 현대지게차경기북부판매(주) | H34: =IFERROR((VLOOKUP(G34,Backdata!G:H,2,0)),"") -> 428-86-01083 | I34: 타이어 | J34: MAXAM | K34: 650-10 | L34: 8 | M34: 200000 | N34: =M34*L34*1.1 -> 1760000 | O34: 160000 | P34: =O34*L34*1.1 -> 1408000 | Q34: =N34-P34 -> 352000 | R34: O | T34: =IF(OR(I34="타이어",I34=""),"",C34) | U34: =IF(T34="","","완료")
B35: =B34+1 -> 31 | C35: 45799 | D35: =IF((C35=""),"",(YEAR(C35)&"년")) -> 2025년 | E35: =IF((C35=""),"",(MONTH(C35)&"월")) -> 5월 | F35: =CONCATENATE(D35,E35) -> 2025년5월 | G35: 현대지게차경기북부판매(주) | H35: =IFERROR((VLOOKUP(G35,Backdata!G:H,2,0)),"") -> 428-86-01083 | I35: 타이어 | J35: 흥아 | K35: 815-15 | L35: 2 | M35: 250000 | N35: =M35*L35*1.1 -> 550000 | O35: 225000 | P35: =O35*L35*1.1 -> 495000 | Q35: =N35-P35 -> 55000 | R35: O | T35: =IF(OR(I35="타이어",I35=""),"",C35) | U35: =IF(T35="","","완료")
B36: =B35+1 -> 32 | C36: 45799 | D36: =IF((C36=""),"",(YEAR(C36)&"년")) -> 2025년 | E36: =IF((C36=""),"",(MONTH(C36)&"월")) -> 5월 | F36: =CONCATENATE(D36,E36) -> 2025년5월 | G36: 현대지게차경기북부판매(주) | H36: =IFERROR((VLOOKUP(G36,Backdata!G:H,2,0)),"") -> 428-86-01083 | I36: 타이어 | J36: 흥아 | K36: 750-15 | L36: 4 | M36: 235000 | N36: =M36*L36*1.1 -> 1034000 | O36: 220000 | P36: =O36*L36*1.1 -> 968000 | Q36: =N36-P36 -> 66000 | R36: O | T36: =IF(OR(I36="타이어",I36=""),"",C36) | U36: =IF(T36="","","완료")
B37: =B36+1 -> 33 | C37: 45799 | D37: =IF((C37=""),"",(YEAR(C37)&"년")) -> 2025년 | E37: =IF((C37=""),"",(MONTH(C37)&"월")) -> 5월 | F37: =CONCATENATE(D37,E37) -> 2025년5월 | G37: 현대지게차경기북부판매(주) | H37: =IFERROR((VLOOKUP(G37,Backdata!G:H,2,0)),"") -> 428-86-01083 | I37: 타이어 | J37: 휠 | K37: 750-15 | L37: 4 | M37: 170000 | N37: =M37*L37*1.1 -> 748000 | O37: 150000 | P37: =O37*L37*1.1 -> 660000 | Q37: =N37-P37 -> 88000 | R37: O | T37: =IF(OR(I37="타이어",I37=""),"",C37) | U37: =IF(T37="","","완료")
B38: =B37+1 -> 34 | C38: 45799 | D38: =IF((C38=""),"",(YEAR(C38)&"년")) -> 2025년 | E38: =IF((C38=""),"",(MONTH(C38)&"월")) -> 5월 | F38: =CONCATENATE(D38,E38) -> 2025년5월 | G38: 현대지게차경기북부판매(주) | H38: =IFERROR((VLOOKUP(G38,Backdata!G:H,2,0)),"") -> 428-86-01083 | I38: 타이어 | J38: 어드밴스 | K38: 650-10 | L38: -8 | M38: 50000 | N38: =M38*L38*1.1 -> -440000 | O38: 50000 | P38: =O38*L38*1.1 -> -440000 | Q38: =N38-P38 -> 0 | R38: O | T38: =IF(OR(I38="타이어",I38=""),"",C38) | U38: =IF(T38="","","완료")
B39: =B38+1 -> 35 | C39: 45799 | D39: =IF((C39=""),"",(YEAR(C39)&"년")) -> 2025년 | E39: =IF((C39=""),"",(MONTH(C39)&"월")) -> 5월 | F39: =CONCATENATE(D39,E39) -> 2025년5월 | G39: 현대지게차경기북부판매(주) | H39: =IFERROR((VLOOKUP(G39,Backdata!G:H,2,0)),"") -> 428-86-01083 | I39: 타이어 | J39: 솔리드프로 | K39: 815-15 | L39: -2 | M39: 240000 | N39: =M39*L39*1.1 -> -528000 | O39: 240000 | P39: =O39*L39*1.1 -> -528000 | Q39: =N39-P39 -> 0 | R39: O | T39: =IF(OR(I39="타이어",I39=""),"",C39) | U39: =IF(T39="","","완료")
B40: =B39+1 -> 36 | C40: 45804 | D40: =IF((C40=""),"",(YEAR(C40)&"년")) -> 2025년 | E40: =IF((C40=""),"",(MONTH(C40)&"월")) -> 5월 | F40: =CONCATENATE(D40,E40) -> 2025년5월 | G40: 도화중기주식회사 | H40: =IFERROR((VLOOKUP(G40,Backdata!G:H,2,0)),"") -> 301-86-32786 | I40: 타이어 | J40: 흥아 | K40: 825-15 | L40: 6 | M40: 238000 | N40: =M40*L40*1.1 -> 1570800 | O40: 210000 | P40: =O40*L40*1.1 -> 1386000 | Q40: =N40-P40 -> 184800 | R40: O | T40: =IF(OR(I40="타이어",I40=""),"",C40) | U40: =IF(T40="","","완료")
B41: =B40+1 -> 37 | C41: 45805 | D41: =IF((C41=""),"",(YEAR(C41)&"년")) -> 2025년 | E41: =IF((C41=""),"",(MONTH(C41)&"월")) -> 5월 | F41: =CONCATENATE(D41,E41) -> 2025년5월 | G41: 현대지게차경기북부판매(주) | H41: =IFERROR((VLOOKUP(G41,Backdata!G:H,2,0)),"") -> 428-86-01083 | I41: 타이어 | J41: 월드스톤 | K41: 700-12 | L41: 2 | M41: 240000 | N41: =M41*L41*1.1 -> 528000 | O41: 220000 | P41: =O41*L41*1.1 -> 484000 | Q41: =N41-P41 -> 44000 | R41: O | T41: =IF(OR(I41="타이어",I41=""),"",C41) | U41: =IF(T41="","","완료")
... B63: =B62+1 -> 59 | C63: 45826 | D63: =IF((C63=""),"",(YEAR(C63)&"년")) -> 2025년 | E63: =IF((C63=""),"",(MONTH(C63)&"월")) -> 6월 | F63: =CONCATENATE(D63,E63) -> 2025년6월 | G63: 주식회사 크린어스 | H63: =IFERROR((VLOOKUP(G63,Backdata!G:H,2,0)),"") -> 138-81-32669 | I63: LFP(지게차) | J63: Spiderway | K63: 51.2V150Ah | L63: 1 | M63: 3560000 | N63: =M63*L63*1.1 -> 3916000 | O63: 3200000 | P63: =O63*L63*1.1 -> 3520000 | Q63: =N63-P63 -> 396000 | R63: O | T63: =IF(OR(I63="타이어",I63=""),"",C63) -> 45826 | U63: =IF(T63="","","완료") -> 완료
B64: =B63+1 -> 60 | C64: 45827 | D64: =IF((C64=""),"",(YEAR(C64)&"년")) -> 2025년 | E64: =IF((C64=""),"",(MONTH(C64)&"월")) -> 6월 | F64: =CONCATENATE(D64,E64) -> 2025년6월 | G64: 코오롱글로벌(주)상사부문 | H64: =IFERROR((VLOOKUP(G64,Backdata!G:H,2,0)),"") -> 119-85-35038 | I64: 기타 | J64: BYD | K64: 4톤 | L64: 1 | M64: 15500000 | N64: =M64*L64*1.1 -> 17050000 | P64: =O64*L64*1.1 -> 0 | Q64: =N64-P64 -> 17050000 | R64: O | T64: =IF(OR(I64="타이어",I64=""),"",C64) -> 45827 | U64: =IF(T64="","","완료") -> 완료
B65: =B64+1 -> 61 | C65: 45832 | D65: =IF((C65=""),"",(YEAR(C65)&"년")) -> 2025년 | E65: =IF((C65=""),"",(MONTH(C65)&"월")) -> 6월 | F65: =CONCATENATE(D65,E65) -> 2025년6월 | G65: 현대지게차경기북부판매(주) | H65: =IFERROR((VLOOKUP(G65,Backdata!G:H,2,0)),"") -> 428-86-01083 | I65: 타이어 | J65: 더블코인 | K65: 750-15 | L65: 4 | M65: 270000 | N65: =M65*L65*1.1 -> 1188000 | O65: 250000 | P65: =O65*L65*1.1 -> 1100000 | Q65: =N65-P65 -> 88000 | R65: O | T65: =IF(OR(I65="타이어",I65=""),"",C65) | U65: =IF(T65="","","완료")
B66: =B65+1 -> 62 | C66: 45833 | D66: =IF((C66=""),"",(YEAR(C66)&"년")) -> 2025년 | E66: =IF((C66=""),"",(MONTH(C66)&"월")) -> 6월 | F66: =CONCATENATE(D66,E66) -> 2025년6월 | G66: 백호중기 | H66: =IFERROR((VLOOKUP(G66,Backdata!G:H,2,0)),"") -> 134-12-98663 | I66: 타이어 | J66: 컨티넨탈 | K66: 250-15 | L66: 2 | M66: 600000 | N66: =M66*L66*1.1 -> 1320000 | O66: 500000 | P66: =O66*L66*1.1 -> 1100000 | Q66: =N66-P66 -> 220000 | R66: O | T66: =IF(OR(I66="타이어",I66=""),"",C66) | U66: =IF(T66="","","완료")
B67: =B66+1 -> 63 | C67: 45835 | D67: =IF((C67=""),"",(YEAR(C67)&"년")) -> 2025년 | E67: =IF((C67=""),"",(MONTH(C67)&"월")) -> 6월 | F67: =CONCATENATE(D67,E67) -> 2025년6월 | G67: 현대지게차경기북부판매(주) | H67: =IFERROR((VLOOKUP(G67,Backdata!G:H,2,0)),"") -> 428-86-01083 | I67: 타이어 | J67: 크라운 | K67: 6인치 | L67: 4 | M67: 200000 | N67: =M67*L67*1.1 -> 880000 | O67: 180000 | P67: =O67*L67*1.1 -> 792000 | Q67: =N67-P67 -> 88000 | R67: O | T67: =IF(OR(I67="타이어",I67=""),"",C67) | U67: =IF(T67="","","완료")
B68: =B67+1 -> 64 | C68: 45838 | D68: =IF((C68=""),"",(YEAR(C68)&"년")) -> 2025년 | E68: =IF((C68=""),"",(MONTH(C68)&"월")) -> 6월 | F68: =CONCATENATE(D68,E68) -> 2025년6월 | G68: 농업회사법인 주식회사 이엔푸드 | H68: =IFERROR((VLOOKUP(G68,Backdata!G:H,2,0)),"") -> 403-81-72982 | I68: 렌탈 | J68: 현대 | K68: 1.5톤 | L68: 1 | M68: 320000 | N68: =M68*L68*1.1 -> 352000 | O68: 580000 | P68: =O68*L68*1.1 -> 638000 | Q68: =N68-P68 -> -286000 | R68: O | T68: =IF(OR(I68="타이어",I68=""),"",C68) -> 45838 | U68: =IF(T68="","","완료") -> 완료
B69: =B68+1 -> 65 | C69: 45838 | D69: =IF((C69=""),"",(YEAR(C69)&"년")) -> 2025년 | E69: =IF((C69=""),"",(MONTH(C69)&"월")) -> 6월 | F69: =CONCATENATE(D69,E69) -> 2025년6월 | G69: 주식회사 에스제이 | H69: =IFERROR((VLOOKUP(G69,Backdata!G:H,2,0)),"") -> 235-86-01235 | I69: 렌탈 | J69: 현대 | K69: 3톤 | L69: 1 | M69: 1000000 | N69: =M69*L69*1.1 -> 1100000 | P69: =O69*L69*1.1 -> 0 | Q69: =N69-P69 -> 1100000 | R69: O | T69: =IF(OR(I69="타이어",I69=""),"",C69) -> 45838 | U69: =IF(T69="","","완료") -> 완료
B70: =B69+1 -> 66 | C70: 45843 | D70: =IF((C70=""),"",(YEAR(C70)&"년")) -> 2025년 | E70: =IF((C70=""),"",(MONTH(C70)&"월")) -> 7월 | F70: =CONCATENATE(D70,E70) -> 2025년7월 | G70: 주식회사 에스제이 | H70: =IFERROR((VLOOKUP(G70,Backdata!G:H,2,0)),"") -> 235-86-01235 | I70: 렌탈 | J70: 두산 | K70: 4.5톤 | L70: 1 | M70: 1450000 | N70: =M70*L70*1.1 -> 1595000 | O70: 1000000 | P70: =O70*L70*1.1 -> 1100000 | Q70: =N70-P70 -> 495000 | R70: O | T70: =IF(OR(I70="타이어",I70=""),"",C70) -> 45843 | U70: =IF(T70="","","완료") -> 완료
B71: =B70+1 -> 67 | C71: 45845 | D71: =IF((C71=""),"",(YEAR(C71)&"년")) -> 2025년 | E71: =IF((C71=""),"",(MONTH(C71)&"월")) -> 7월 | F71: =CONCATENATE(D71,E71) -> 2025년7월 | G71: 에코파밍 주식회사 | H71: =IFERROR((VLOOKUP(G71,Backdata!G:H,2,0)),"") -> 318-81-11047 | I71: 렌탈 | J71: BYD | K71: 2.5톤 | L71: 1 | M71: 630000 | N71: =M71*L71*1.1 -> 693000 | O71: 580000 | P71: =O71*L71*1.1 -> 638000 | Q71: =N71-P71 -> 55000 | R71: O | T71: =IF(OR(I71="타이어",I71=""),"",C71) -> 45845 | U71: =IF(T71="","","완료") -> 완료
B72: =B71+1 -> 68 | C72: 45846 | D72: =IF((C72=""),"",(YEAR(C72)&"년")) -> 2025년 | E72: =IF((C72=""),"",(MONTH(C72)&"월")) -> 7월 | F72: =CONCATENATE(D72,E72) -> 2025년7월 | G72: 현대지게차경기북부판매(주) | H72: =IFERROR((VLOOKUP(G72,Backdata!G:H,2,0)),"") -> 428-86-01083 | I72: 타이어 | J72: MAXAM | K72: 700-12 | L72: 2 | M72: 210000 | N72: =M72*L72*1.1 -> 462000 | O72: 200000 | P72: =O72*L72*1.1 -> 440000 | Q72: =N72-P72 -> 22000 | R72: O | T72: =IF(OR(I72="타이어",I72=""),"",C72) | U72: =IF(T72="","","완료")
B73: =B72+1 -> 69 | C73: 45846 | D73: =IF((C73=""),"",(YEAR(C73)&"년")) -> 2025년 | E73: =IF((C73=""),"",(MONTH(C73)&"월")) -> 7월 | F73: =CONCATENATE(D73,E73) -> 2025년7월 | G73: 현대지게차경기북부판매(주) | H73: =IFERROR((VLOOKUP(G73,Backdata!G:H,2,0)),"") -> 428-86-01083 | I73: 타이어 | J73: 휠 | K73: 700-12 | L73: 2 | M73: 110000 | N73: =M73*L73*1.1 -> 242000 | O73: 100000 | P73: =O73*L73*1.1 -> 220000 | Q73: =N73-P73 -> 22000 | R73: O | T73: =IF(OR(I73="타이어",I73=""),"",C73) | U73: =IF(T73="","","완료")
B74: =B73+1 -> 70 | C74: 45847 | D74: =IF((C74=""),"",(YEAR(C74)&"년")) -> 2025년 | E74: =IF((C74=""),"",(MONTH(C74)&"월")) -> 7월 | F74: =CONCATENATE(D74,E74) -> 2025년7월 | G74: 현대지게차경기북부판매(주) | H74: =IFERROR((VLOOKUP(G74,Backdata!G:H,2,0)),"") -> 428-86-01083 | I74: 타이어 | J74: KATOCHI | K74: 750-15 | L74: 4 | M74: 370000 | N74: =M74*L74*1.1 -> 1628000 | O74: 360000 | P74: =O74*L74*1.1 -> 1584000 | Q74: =N74-P74 -> 44000 | R74: O | T74: =IF(OR(I74="타이어",I74=""),"",C74) | U74: =IF(T74="","","완료")
B75: =B74+1 -> 71 | C75: 45847 | D75: =IF((C75=""),"",(YEAR(C75)&"년")) -> 2025년 | E75: =IF((C75=""),"",(MONTH(C75)&"월")) -> 7월 | F75: =CONCATENATE(D75,E75) -> 2025년7월 | G75: 현대지게차경기북부판매(주) | H75: =IFERROR((VLOOKUP(G75,Backdata!G:H,2,0)),"") -> 428-86-01083 | I75: 타이어 | J75: MAXAM | K75: 700-12 | L75: 2 | M75: 210000 | N75: =M75*L75*1.1 -> 462000 | O75: 200000 | P75: =O75*L75*1.1 -> 440000 | Q75: =N75-P75 -> 22000 | R75: O | T75: =IF(OR(I75="타이어",I75=""),"",C75) | U75: =IF(T75="","","완료")
B76: =B75+1 -> 72 | C76: 45847 | D76: =IF((C76=""),"",(YEAR(C76)&"년")) -> 2025년 | E76: =IF((C76=""),"",(MONTH(C76)&"월")) -> 7월 | F76: =CONCATENATE(D76,E76) -> 2025년7월 | G76: 현대지게차경기북부판매(주) | H76: =IFERROR((VLOOKUP(G76,Backdata!G:H,2,0)),"") -> 428-86-01083 | I76: 타이어 | J76: MAXAM | K76: 700-12 | L76: 2 | M76: 210000 | N76: =M76*L76*1.1 -> 462000 | O76: 200000 | P76: =O76*L76*1.1 -> 440000 | Q76: =N76-P76 -> 22000 | R76: O | T76: =IF(OR(I76="타이어",I76=""),"",C76) | U76: =IF(T76="","","완료")
B77: =B76+1 -> 73 | C77: 45847 | D77: =IF((C77=""),"",(YEAR(C77)&"년")) -> 2025년 | E77: =IF((C77=""),"",(MONTH(C77)&"월")) -> 7월 | F77: =CONCATENATE(D77,E77) -> 2025년7월 | G77: 현대지게차경기북부판매(주) | H77: =IFERROR((VLOOKUP(G77,Backdata!G:H,2,0)),"") -> 428-86-01083 | I77: 타이어 | J77: 배송비 | K77: 700-12 | L77: 1 | M77: 16000 | N77: =M77*L77*1.1 -> 17600 | P77: =O77*L77*1.1 -> 0 | Q77: =N77-P77 -> 17600 | R77: O | T77: =IF(OR(I77="타이어",I77=""),"",C77) | U77: =IF(T77="","","완료")
B78: =B77+1 -> 74 | C78: 45854 | D78: =IF((C78=""),"",(YEAR(C78)&"년")) -> 2025년 | E78: =IF((C78=""),"",(MONTH(C78)&"월")) -> 7월 | F78: =CONCATENATE(D78,E78) -> 2025년7월 | G78: 백호중기 | H78: =IFERROR((VLOOKUP(G78,Backdata!G:H,2,0)),"") -> 134-12-98663 | I78: 타이어 | J78: 컨티넨탈 | K78: 21*8-9 | L78: 2 | M78: 240000 | N78: =M78*L78*1.1 -> 528000 | O78: 220000 | P78: =O78*L78*1.1 -> 484000 | Q78: =N78-P78 -> 44000 | R78: O | T78: =IF(OR(I78="타이어",I78=""),"",C78) | U78: =IF(T78="","","완료")
B79: =B78+1 -> 75 | C79: 45854 | D79: =IF((C79=""),"",(YEAR(C79)&"년")) -> 2025년 | E79: =IF((C79=""),"",(MONTH(C79)&"월")) -> 7월 | F79: =CONCATENATE(D79,E79) -> 2025년7월 | G79: 주식회사 에스제이 | H79: =IFERROR((VLOOKUP(G79,Backdata!G:H,2,0)),"") -> 235-86-01235 | I79: 렌탈 | J79: 현대 | K79: 3톤 | L79: 2 | M79: 1100000 | N79: =M79*L79*1.1 -> 2420000 | O79: 800000 | P79: =O79*L79*1.1 -> 1760000 | Q79: =N79-P79 -> 660000 | R79: O | T79: =IF(OR(I79="타이어",I79=""),"",C79) -> 45854 | U79: =IF(T79="","","완료") -> 완료
B80: =B79+1 -> 76 | C80: 45855 | D80: =IF((C80=""),"",(YEAR(C80)&"년")) -> 2025년 | E80: =IF((C80=""),"",(MONTH(C80)&"월")) -> 7월 | F80: =CONCATENATE(D80,E80) -> 2025년7월 | G80: 현대지게차경기북부판매(주) | H80: =IFERROR((VLOOKUP(G80,Backdata!G:H,2,0)),"") -> 428-86-01083 | I80: 타이어 | J80: MAXAM | K80: 650-10 | L80: 2 | M80: 168000 | N80: =M80*L80*1.1 -> 369600 | O80: 160000 | P80: =O80*L80*1.1 -> 352000 | Q80: =N80-P80 -> 17600 | R80: O | T80: =IF(OR(I80="타이어",I80=""),"",C80) | U80: =IF(T80="","","완료")
B81: =B80+1 -> 77 | C81: 45855 | D81: =IF((C81=""),"",(YEAR(C81)&"년")) -> 2025년 | E81: =IF((C81=""),"",(MONTH(C81)&"월")) -> 7월 | F81: =CONCATENATE(D81,E81) -> 2025년7월 | G81: 현대지게차경기북부판매(주) | H81: =IFERROR((VLOOKUP(G81,Backdata!G:H,2,0)),"") -> 428-86-01083 | I81: 타이어 | J81: 배송비 | K81: 650-10 | L81: 2 | M81: 8000 | N81: =M81*L81*1.1 -> 17600 | P81: =O81*L81*1.1 -> 0 | Q81: =N81-P81 -> 17600 | R81: O | T81: =IF(OR(I81="타이어",I81=""),"",C81) | U81: =IF(T81="","","완료")
B82: =B81+1 -> 78 | C82: 45856 | D82: =IF((C82=""),"",(YEAR(C82)&"년")) -> 2025년 | E82: =IF((C82=""),"",(MONTH(C82)&"월")) -> 7월 | F82: =CONCATENATE(D82,E82) -> 2025년7월 | G82: 도화중기주식회사 | H82: =IFERROR((VLOOKUP(G82,Backdata!G:H,2,0)),"") -> 301-86-32786 | I82: 타이어 | J82: MAXAM | K82: 23*10-12 | L82: 4 | M82: 211000 | N82: =M82*L82*1.1 -> 928400 | O82: 210000 | P82: =O82*L82*1.1 -> 924000 | Q82: =N82-P82 -> 4400 | R82: O | T82: =IF(OR(I82="타이어",I82=""),"",C82) | U82: =IF(T82="","","완료")
B83: =B82+1 -> 79 | C83: 45856 | D83: =IF((C83=""),"",(YEAR(C83)&"년")) -> 2025년 | E83: =IF((C83=""),"",(MONTH(C83)&"월")) -> 7월 | F83: =CONCATENATE(D83,E83) -> 2025년7월 | G83: 도화중기주식회사 | H83: =IFERROR((VLOOKUP(G83,Backdata!G:H,2,0)),"") -> 301-86-32786 | I83: 타이어 | J83: MAXAM | K83: 815-15 | L83: 4 | M83: 274000 | N83: =M83*L83*1.1 -> 1205600 | O83: 270000 | P83: =O83*L83*1.1 -> 1188000 | Q83: =N83-P83 -> 17600 | R83: O | T83: =IF(OR(I83="타이어",I83=""),"",C83) | U83: =IF(T83="","","완료")
B84: =B83+1 -> 80 | C84: 45856 | D84: =IF((C84=""),"",(YEAR(C84)&"년")) -> 2025년 | E84: =IF((C84=""),"",(MONTH(C84)&"월")) -> 7월 | F84: =CONCATENATE(D84,E84) -> 2025년7월 | G84: 도화중기주식회사 | H84: =IFERROR((VLOOKUP(G84,Backdata!G:H,2,0)),"") -> 301-86-32786 | I84: 타이어 | J84: MAXAM | K84: 650-10 | L84: 4 | M84: 158000 | N84: =M84*L84*1.1 -> 695200 | O84: 160000 | P84: =O84*L84*1.1 -> 704000 | Q84: =N84-P84 -> -8800 | R84: O | T84: =IF(OR(I84="타이어",I84=""),"",C84) | U84: =IF(T84="","","완료")
B85: =B84+1 -> 81 | C85: 45856 | D85: =IF((C85=""),"",(YEAR(C85)&"년")) -> 2025년 | E85: =IF((C85=""),"",(MONTH(C85)&"월")) -> 7월 | F85: =CONCATENATE(D85,E85) -> 2025년7월 | G85: 도화중기주식회사 | H85: =IFERROR((VLOOKUP(G85,Backdata!G:H,2,0)),"") -> 301-86-32786 | I85: 타이어 | J85: MAXAM | K85: 500-8 | L85: 2 | M85: 84000 | N85: =M85*L85*1.1 -> 184800 | O85: 80000 | P85: =O85*L85*1.1 -> 176000 | Q85: =N85-P85 -> 8800 | R85: O | T85: =IF(OR(I85="타이어",I85=""),"",C85) | U85: =IF(T85="","","완료")
B86: =B85+1 -> 82 | C86: 45859 | D86: =IF((C86=""),"",(YEAR(C86)&"년")) -> 2025년 | E86: =IF((C86=""),"",(MONTH(C86)&"월")) -> 7월 | F86: =CONCATENATE(D86,E86) -> 2025년7월 | G86: 도화중기주식회사 | H86: =IFERROR((VLOOKUP(G86,Backdata!G:H,2,0)),"") -> 301-86-32786 | I86: 타이어 | J86: MAXAM | K86: 18*7-8 | L86: 4 | M86: 95000 | N86: =M86*L86*1.1 -> 418000 | O86: 100000 | P86: =O86*L86*1.1 -> 440000 | Q86: =N86-P86 -> -22000 | R86: O | T86: =IF(OR(I86="타이어",I86=""),"",C86) | U86: =IF(T86="","","완료")
B87: =B86+1 -> 83 | C87: 45860 | D87: =IF((C87=""),"",(YEAR(C87)&"년")) -> 2025년 | E87: =IF((C87=""),"",(MONTH(C87)&"월")) -> 7월 | F87: =CONCATENATE(D87,E87) -> 2025년7월 | G87: 현대지게차경기북부판매(주) | H87: =IFERROR((VLOOKUP(G87,Backdata!G:H,2,0)),"") -> 428-86-01083 | I87: 타이어 | J87: KATOCHI | K87: 750-16 | L87: 4 | M87: 360000 | N87: =M87*L87*1.1 -> 1584000 | O87: 350000 | P87: =O87*L87*1.1 -> 1540000 | Q87: =N87-P87 -> 44000 | R87: O | T87: =IF(OR(I87="타이어",I87=""),"",C87) | U87: =IF(T87="","","완료")
B88: =B87+1 -> 84 | C88: 45860 | D88: =IF((C88=""),"",(YEAR(C88)&"년")) -> 2025년 | E88: =IF((C88=""),"",(MONTH(C88)&"월")) -> 7월 | F88: =CONCATENATE(D88,E88) -> 2025년7월 | G88: 현대지게차경기북부판매(주) | H88: =IFERROR((VLOOKUP(G88,Backdata!G:H,2,0)),"") -> 428-86-01083 | I88: 타이어 | J88: 흥아 | K88: 750-16 | L88: -4 | M88: 150000 | N88: =M88*L88*1.1 -> -660000 | O88: 150000 | P88: =O88*L88*1.1 -> -660000 | Q88: =N88-P88 -> 0 | R88: O | T88: =IF(OR(I88="타이어",I88=""),"",C88) | U88: =IF(T88="","","완료")
B89: =B88+1 -> 85 | C89: 45869 | D89: =IF((C89=""),"",(YEAR(C89)&"년")) -> 2025년 | E89: =IF((C89=""),"",(MONTH(C89)&"월")) -> 7월 | F89: =CONCATENATE(D89,E89) -> 2025년7월 | G89: 백호중기 | H89: =IFERROR((VLOOKUP(G89,Backdata!G:H,2,0)),"") -> 134-12-98663 | I89: 타이어 | J89: 컨티넨탈 | K89: 21*8-9 | L89: 4 | M89: 240000 | N89: =M89*L89*1.1 -> 1056000 | O89: 220000 | P89: =O89*L89*1.1 -> 968000 | Q89: =N89-P89 -> 88000 | R89: O | T89: =IF(OR(I89="타이어",I89=""),"",C89) | U89: =IF(T89="","","완료")
B90: =B89+1 -> 86 | C90: 45869 | D90: =IF((C90=""),"",(YEAR(C90)&"년")) -> 2025년 | E90: =IF((C90=""),"",(MONTH(C90)&"월")) -> 7월 | F90: =CONCATENATE(D90,E90) -> 2025년7월 | G90: 백호중기 | H90: =IFERROR((VLOOKUP(G90,Backdata!G:H,2,0)),"") -> 134-12-98663 | I90: 타이어 | J90: 컨티넨탈 | K90: 250-15 | L90: 4 | M90: 600000 | N90: =M90*L90*1.1 -> 2640000 | O90: 500000 | P90: =O90*L90*1.1 -> 2200000 | Q90: =N90-P90 -> 440000 | R90: O | T90: =IF(OR(I90="타이어",I90=""),"",C90) | U90: =IF(T90="","","완료")
B91: =B90+1 -> 87 | C91: 45870 | D91: =IF((C91=""),"",(YEAR(C91)&"년")) -> 2025년 | E91: =IF((C91=""),"",(MONTH(C91)&"월")) -> 8월 | F91: =CONCATENATE(D91,E91) -> 2025년8월 | G91: 현대지게차경기북부판매(주) | H91: =IFERROR((VLOOKUP(G91,Backdata!G:H,2,0)),"") -> 428-86-01083 | I91: 타이어 | J91: MAXAM | K91: 16*6-8 | L91: 2 | M91: 95000 | N91: =M91*L91*1.1 -> 209000 | O91: 90000 | P91: =O91*L91*1.1 -> 198000 | Q91: =N91-P91 -> 11000 | R91: O | T91: =IF(OR(I91="타이어",I91=""),"",C91) | U91: =IF(T91="","","완료")
B92: =B91+1 -> 88 | C92: 45874 | D92: =IF((C92=""),"",(YEAR(C92)&"년")) -> 2025년 | E92: =IF((C92=""),"",(MONTH(C92)&"월")) -> 8월 | F92: =CONCATENATE(D92,E92) -> 2025년8월 | G92: 주식회사 에스제이 | H92: =IFERROR((VLOOKUP(G92,Backdata!G:H,2,0)),"") -> 235-86-01235 | I92: 렌탈 | J92: 두산 | K92: 4.5톤 | L92: 1 | M92: 1450000 | N92: =M92*L92*1.1 -> 1595000 | O92: 1000000 | P92: =O92*L92*1.1 -> 1100000 | Q92: =N92-P92 -> 495000 | R92: O | T92: =IF(OR(I92="타이어",I92=""),"",C92) -> 45874 | U92: =IF(T92="","","완료") -> 완료
B93: =B92+1 -> 89 | C93: 45875 | D93: =IF((C93=""),"",(YEAR(C93)&"년")) -> 2025년 | E93: =IF((C93=""),"",(MONTH(C93)&"월")) -> 8월 | F93: =CONCATENATE(D93,E93) -> 2025년8월 | G93: 현대지게차경기북부판매(주) | H93: =IFERROR((VLOOKUP(G93,Backdata!G:H,2,0)),"") -> 428-86-01083 | I93: 타이어 | J93: MAXAM | K93: 700-12 | L93: 4 | M93: 210000 | N93: =M93*L93*1.1 -> 924000 | O93: 200000 | P93: =O93*L93*1.1 -> 880000 | Q93: =N93-P93 -> 44000 | R93: O | T93: =IF(OR(I93="타이어",I93=""),"",C93) | U93: =IF(T93="","","완료")
... B123: =B122+1 -> 119 | C123: 45959 | D123: =IF((C123=""),"",(YEAR(C123)&"년")) -> 2025년 | E123: =IF((C123=""),"",(MONTH(C123)&"월")) -> 10월 | F123: =CONCATENATE(D123,E123) -> 2025년10월 | G123: 백호중기 | H123: =IFERROR((VLOOKUP(G123,Backdata!G:H,2,0)),"") -> 134-12-98663 | I123: 타이어 | J123: 올프로 | K123: 21*8-9 | L123: 2 | M123: 210000 | N123: =M123*L123*1.1 -> 462000 | O123: 200000 | P123: =O123*L123*1.1 -> 440000 | Q123: =N123-P123 -> 22000 | R123: O | T123: =IF(OR(I123="타이어",I123=""),"",C123) | U123: =IF(T123="","","완료")
B124: =B123+1 -> 120 | C124: 45959 | D124: =IF((C124=""),"",(YEAR(C124)&"년")) -> 2025년 | E124: =IF((C124=""),"",(MONTH(C124)&"월")) -> 10월 | F124: =CONCATENATE(D124,E124) -> 2025년10월 | G124: 백호중기 | H124: =IFERROR((VLOOKUP(G124,Backdata!G:H,2,0)),"") -> 134-12-98663 | I124: 타이어 | J124: 택배비 | L124: 1 | M124: 120000 | N124: =M124*L124*1.1 -> 132000 | O124: 120000 | P124: =O124*L124*1.1 -> 132000 | Q124: =N124-P124 -> 0 | R124: O | T124: =IF(OR(I124="타이어",I124=""),"",C124) | U124: =IF(T124="","","완료")
B125: =B124+1 -> 121 | C125: 45959 | D125: =IF((C125=""),"",(YEAR(C125)&"년")) -> 2025년 | E125: =IF((C125=""),"",(MONTH(C125)&"월")) -> 10월 | F125: =CONCATENATE(D125,E125) -> 2025년10월 | G125: 백호중기 | H125: =IFERROR((VLOOKUP(G125,Backdata!G:H,2,0)),"") -> 134-12-98663 | I125: 타이어 | J125: 택배비 | L125: 2 | M125: 10000 | N125: =M125*L125*1.1 -> 22000 | O125: 10000 | P125: =O125*L125*1.1 -> 22000 | Q125: =N125-P125 -> 0 | R125: O | T125: =IF(OR(I125="타이어",I125=""),"",C125) | U125: =IF(T125="","","완료")
B126: =B125+1 -> 122 | C126: 45959 | D126: =IF((C126=""),"",(YEAR(C126)&"년")) -> 2025년 | E126: =IF((C126=""),"",(MONTH(C126)&"월")) -> 10월 | F126: =CONCATENATE(D126,E126) -> 2025년10월 | G126: 백호중기 | H126: =IFERROR((VLOOKUP(G126,Backdata!G:H,2,0)),"") -> 134-12-98663 | I126: 타이어 | J126: 택배비 | L126: 1 | M126: 40000 | N126: =M126*L126*1.1 -> 44000 | O126: 40000 | P126: =O126*L126*1.1 -> 44000 | Q126: =N126-P126 -> 0 | R126: O | T126: =IF(OR(I126="타이어",I126=""),"",C126) | U126: =IF(T126="","","완료")
B127: =B126+1 -> 123 | C127: 45959 | D127: =IF((C127=""),"",(YEAR(C127)&"년")) -> 2025년 | E127: =IF((C127=""),"",(MONTH(C127)&"월")) -> 10월 | F127: =CONCATENATE(D127,E127) -> 2025년10월 | G127: 백호중기 | H127: =IFERROR((VLOOKUP(G127,Backdata!G:H,2,0)),"") -> 134-12-98663 | I127: 타이어 | J127: 택배비 | L127: 1 | M127: 150000 | N127: =M127*L127*1.1 -> 165000 | O127: 150000 | P127: =O127*L127*1.1 -> 165000 | Q127: =N127-P127 -> 0 | R127: O | T127: =IF(OR(I127="타이어",I127=""),"",C127) | U127: =IF(T127="","","완료")
B128: =B127+1 -> 124 | C128: 45961 | D128: =IF((C128=""),"",(YEAR(C128)&"년")) -> 2025년 | E128: =IF((C128=""),"",(MONTH(C128)&"월")) -> 10월 | F128: =CONCATENATE(D128,E128) -> 2025년10월 | G128: 현대지게차경기북부판매(주) | H128: =IFERROR((VLOOKUP(G128,Backdata!G:H,2,0)),"") -> 428-86-01083 | I128: 타이어 | J128: 휠 | K128: 700-12 | L128: 4 | M128: 140000 | N128: =M128*L128*1.1 -> 616000 | O128: 120000 | P128: =O128*L128*1.1 -> 528000 | Q128: =N128-P128 -> 88000 | R128: O | T128: =IF(OR(I128="타이어",I128=""),"",C128) | U128: =IF(T128="","","완료")
B129: =B128+1 -> 125 | C129: 45964 | D129: =IF((C129=""),"",(YEAR(C129)&"년")) -> 2025년 | E129: =IF((C129=""),"",(MONTH(C129)&"월")) -> 11월 | F129: =CONCATENATE(D129,E129) -> 2025년11월 | G129: 백호중기 | H129: =IFERROR((VLOOKUP(G129,Backdata!G:H,2,0)),"") -> 134-12-98663 | I129: 타이어 | J129: MAXAM | K129: 825-15 | L129: 4 | M129: 380000 | N129: =M129*L129*1.1 -> 1672000 | O129: 270000 | P129: =O129*L129*1.1 -> 1188000 | Q129: =N129-P129 -> 484000 | R129: O | T129: =IF(OR(I129="타이어",I129=""),"",C129) | U129: =IF(T129="","","완료")
B130: =B129+1 -> 126 | C130: 45964 | D130: =IF((C130=""),"",(YEAR(C130)&"년")) -> 2025년 | E130: =IF((C130=""),"",(MONTH(C130)&"월")) -> 11월 | F130: =CONCATENATE(D130,E130) -> 2025년11월 | G130: 백호중기 | H130: =IFERROR((VLOOKUP(G130,Backdata!G:H,2,0)),"") -> 134-12-98663 | I130: 타이어 | J130: 올프로 | K130: 21*8-9 | L130: 2 | M130: 220000 | N130: =M130*L130*1.1 -> 484000 | O130: 160000 | P130: =O130*L130*1.1 -> 352000 | Q130: =N130-P130 -> 132000 | R130: O | T130: =IF(OR(I130="타이어",I130=""),"",C130) | U130: =IF(T130="","","완료")
B131: =B130+1 -> 127 | C131: 45964 | D131: =IF((C131=""),"",(YEAR(C131)&"년")) -> 2025년 | E131: =IF((C131=""),"",(MONTH(C131)&"월")) -> 11월 | F131: =CONCATENATE(D131,E131) -> 2025년11월 | G131: 백호중기 | H131: =IFERROR((VLOOKUP(G131,Backdata!G:H,2,0)),"") -> 134-12-98663 | I131: 타이어 | J131: 택배비 | L131: 1 | M131: 100000 | N131: =M131*L131*1.1 -> 110000 | O131: 100000 | P131: =O131*L131*1.1 -> 110000 | Q131: =N131-P131 -> 0 | R131: O | T131: =IF(OR(I131="타이어",I131=""),"",C131) | U131: =IF(T131="","","완료")
B132: =B131+1 -> 128 | C132: 45964 | D132: =IF((C132=""),"",(YEAR(C132)&"년")) -> 2025년 | E132: =IF((C132=""),"",(MONTH(C132)&"월")) -> 11월 | F132: =CONCATENATE(D132,E132) -> 2025년11월 | G132: 에코파밍 주식회사 | H132: =IFERROR((VLOOKUP(G132,Backdata!G:H,2,0)),"") -> 318-81-11047 | I132: 렌탈 | J132: BYD | K132: 2.5톤 | L132: 1 | M132: 630000 | N132: =M132*L132*1.1 -> 693000 | O132: 580000 | P132: =O132*L132*1.1 -> 638000 | Q132: =N132-P132 -> 55000 | R132: O | T132: =IF(OR(I132="타이어",I132=""),"",C132) -> 45964 | U132: =IF(T132="","","완료") -> 완료
B133: =B132+1 -> 129 | C133: 45965 | D133: =IF((C133=""),"",(YEAR(C133)&"년")) -> 2025년 | E133: =IF((C133=""),"",(MONTH(C133)&"월")) -> 11월 | F133: =CONCATENATE(D133,E133) -> 2025년11월 | G133: 주식회사 에스제이 | H133: =IFERROR((VLOOKUP(G133,Backdata!G:H,2,0)),"") -> 235-86-01235 | I133: 렌탈 | J133: 두산 | K133: 4.5톤 | L133: 1 | M133: 1450000 | N133: =M133*L133*1.1 -> 1595000 | O133: 1000000 | P133: =O133*L133*1.1 -> 1100000 | Q133: =N133-P133 -> 495000 | R133: O | T133: =IF(OR(I133="타이어",I133=""),"",C133) -> 45965 | U133: =IF(T133="","","완료") -> 완료
B134: =B133+1 -> 130 | C134: 45968 | D134: =IF((C134=""),"",(YEAR(C134)&"년")) -> 2025년 | E134: =IF((C134=""),"",(MONTH(C134)&"월")) -> 11월 | F134: =CONCATENATE(D134,E134) -> 2025년11월 | G134: 현대지게차경기북부판매(주) | H134: =IFERROR((VLOOKUP(G134,Backdata!G:H,2,0)),"") -> 428-86-01083 | I134: 타이어 | J134: MAXAM | K134: 18*7-8 | L134: 2 | M134: 105000 | N134: =M134*L134*1.1 -> 231000 | O134: 100000 | P134: =O134*L134*1.1 -> 220000 | Q134: =N134-P134 -> 11000 | R134: O | T134: =IF(OR(I134="타이어",I134=""),"",C134) | U134: =IF(T134="","","완료") | V134: O
B135: =B134+1 -> 131 | C135: 45971 | D135: =IF((C135=""),"",(YEAR(C135)&"년")) -> 2025년 | E135: =IF((C135=""),"",(MONTH(C135)&"월")) -> 11월 | F135: =CONCATENATE(D135,E135) -> 2025년11월 | G135: 동성종합지게차 | H135: =IFERROR((VLOOKUP(G135,Backdata!G:H,2,0)),"") -> 622-09-69331 | I135: LFP(고소작업대) | J135: Spiderway | K135: 51.2V150Ah | L135: 14 | M135: 1670000 | N135: =M135*L135*1.1 -> 25718000 | O135: 1280000 | P135: =O135*L135*1.1 -> 19712000 | Q135: =N135-P135 -> 6006000 | R135: O | T135: =IF(OR(I135="타이어",I135=""),"",C135) -> 45971 | U135: =IF(T135="","","완료") -> 완료
B136: =B135+1 -> 132 | C136: 45971 | D136: =IF((C136=""),"",(YEAR(C136)&"년")) -> 2025년 | E136: =IF((C136=""),"",(MONTH(C136)&"월")) -> 11월 | F136: =CONCATENATE(D136,E136) -> 2025년11월 | G136: 동성종합지게차 | H136: =IFERROR((VLOOKUP(G136,Backdata!G:H,2,0)),"") -> 622-09-69331 | I136: LFP(고소작업대) | J136: 충전기 | K136: 25Ah | L136: 1 | M136: 350000 | N136: =M136*L136*1.1 -> 385000 | O136: 350000 | P136: =O136*L136*1.1 -> 385000 | Q136: =N136-P136 -> 0 | R136: O | T136: =IF(OR(I136="타이어",I136=""),"",C136) -> 45971 | U136: =IF(T136="","","완료") -> 완료
B137: =B136+1 -> 133 | C137: 45971 | D137: =IF((C137=""),"",(YEAR(C137)&"년")) -> 2025년 | E137: =IF((C137=""),"",(MONTH(C137)&"월")) -> 11월 | F137: =CONCATENATE(D137,E137) -> 2025년11월 | G137: 동성종합지게차 | H137: =IFERROR((VLOOKUP(G137,Backdata!G:H,2,0)),"") -> 622-09-69331 | I137: LFP(고소작업대) | J137: 공임 | L137: 14 | M137: 100000 | N137: =M137*L137*1.1 -> 1540000 | P137: =O137*L137*1.1 -> 0 | Q137: =N137-P137 -> 1540000 | R137: O | T137: =IF(OR(I137="타이어",I137=""),"",C137) -> 45971 | U137: =IF(T137="","","완료") -> 완료
B138: =B137+1 -> 134 | C138: 45973 | D138: =IF((C138=""),"",(YEAR(C138)&"년")) -> 2025년 | E138: =IF((C138=""),"",(MONTH(C138)&"월")) -> 11월 | F138: =CONCATENATE(D138,E138) -> 2025년11월 | G138: 주식회사 에스제이 | H138: =IFERROR((VLOOKUP(G138,Backdata!G:H,2,0)),"") -> 235-86-01235 | I138: 렌탈 | J138: 두산 | K138: 4.5톤 | L138: 1 | M138: 1000000 | N138: =M138*L138*1.1 -> 1100000 | O138: 1000000 | P138: =O138*L138*1.1 -> 1100000 | Q138: =N138-P138 -> 0 | R138: O | T138: =IF(OR(I138="타이어",I138=""),"",C138) -> 45973 | U138: =IF(T138="","","완료") -> 완료
B139: =B138+1 -> 135 | C139: 45974 | D139: =IF((C139=""),"",(YEAR(C139)&"년")) -> 2025년 | E139: =IF((C139=""),"",(MONTH(C139)&"월")) -> 11월 | F139: =CONCATENATE(D139,E139) -> 2025년11월 | G139: 현대지게차경기북부판매(주) | H139: =IFERROR((VLOOKUP(G139,Backdata!G:H,2,0)),"") -> 428-86-01083 | I139: 타이어 | J139: MAXAM | K139: 23*9-10 | L139: 2 | M139: 231000 | N139: =M139*L139*1.1 -> 508200 | O139: 220000 | P139: =O139*L139*1.1 -> 484000 | Q139: =N139-P139 -> 24200 | R139: O | T139: =IF(OR(I139="타이어",I139=""),"",C139) | U139: =IF(T139="","","완료")
B140: =B139+1 -> 136 | C140: 45981 | D140: =IF((C140=""),"",(YEAR(C140)&"년")) -> 2025년 | E140: =IF((C140=""),"",(MONTH(C140)&"월")) -> 11월 | F140: =CONCATENATE(D140,E140) -> 2025년11월 | G140: 대양토탈라인 주식회사 | H140: =IFERROR((VLOOKUP(G140,Backdata!G:H,2,0)),"") -> 502-81-47188 | I140: 타이어 | J140: 금호KRA88 | K140: 12R22.5 | L140: 6 | M140: 325000 | N140: =M140*L140*1.1 -> 2145000 | O140: 295000 | P140: =O140*L140*1.1 -> 1947000 | Q140: =N140-P140 -> 198000 | R140: O | T140: =IF(OR(I140="타이어",I140=""),"",C140) | U140: =IF(T140="","","완료")
B141: =B140+1 -> 137 | C141: 45981 | D141: =IF((C141=""),"",(YEAR(C141)&"년")) -> 2025년 | E141: =IF((C141=""),"",(MONTH(C141)&"월")) -> 11월 | F141: =CONCATENATE(D141,E141) -> 2025년11월 | G141: 대양토탈라인 주식회사 | H141: =IFERROR((VLOOKUP(G141,Backdata!G:H,2,0)),"") -> 502-81-47188 | I141: 타이어 | J141: 금호KRD55 | K141: 12R22.5 | L141: 20 | M141: 385000 | N141: =M141*L141*1.1 -> 8470000 | O141: 355000 | P141: =O141*L141*1.1 -> 7810000 | Q141: =N141-P141 -> 660000 | R141: O | T141: =IF(OR(I141="타이어",I141=""),"",C141) | U141: =IF(T141="","","완료")
B142: =B141+1 -> 138 | C142: 45981 | D142: =IF((C142=""),"",(YEAR(C142)&"년")) -> 2025년 | E142: =IF((C142=""),"",(MONTH(C142)&"월")) -> 11월 | F142: =CONCATENATE(D142,E142) -> 2025년11월 | G142: 대양토탈라인 주식회사 | H142: =IFERROR((VLOOKUP(G142,Backdata!G:H,2,0)),"") -> 502-81-47188 | I142: 타이어 | J142: 택배비 | L142: 20 | M142: 10000 | N142: =M142*L142*1.1 -> 220000 | O142: 10000 | P142: =O142*L142*1.1 -> 220000 | Q142: =N142-P142 -> 0 | R142: O | T142: =IF(OR(I142="타이어",I142=""),"",C142) | U142: =IF(T142="","","완료")
B143: =B142+1 -> 139 | C143: 45982 | D143: =IF((C143=""),"",(YEAR(C143)&"년")) -> 2025년 | E143: =IF((C143=""),"",(MONTH(C143)&"월")) -> 11월 | F143: =CONCATENATE(D143,E143) -> 2025년11월 | G143: 현대지게차경기북부판매(주) | H143: =IFERROR((VLOOKUP(G143,Backdata!G:H,2,0)),"") -> 428-86-01083 | I143: 기타 | J143: 현대 | K143: 5톤 | L143: 2 | M143: 2000000 | N143: =M143*L143*1.1 -> 4400000 | P143: =O143*L143*1.1 -> 0 | Q143: =N143-P143 -> 4400000 | R143: O | S143: O | T143: =IF(OR(I143="타이어",I143=""),"",C143) -> 45982 | U143: =IF(T143="","","완료") -> 완료 | V143: O
B144: =B143+1 -> 140 | C144: 45982 | D144: =IF((C144=""),"",(YEAR(C144)&"년")) -> 2025년 | E144: =IF((C144=""),"",(MONTH(C144)&"월")) -> 11월 | F144: =CONCATENATE(D144,E144) -> 2025년11월 | G144: 대명특장 | H144: =IFERROR((VLOOKUP(G144,Backdata!G:H,2,0)),"") -> 476-46-00898 | I144: 타이어 | J144: MAXAM | K144: 700-12 | L144: 4 | M144: 230000 | N144: =M144*L144*1.1 -> 1012000 | O144: 200000 | P144: =O144*L144*1.1 -> 880000 | Q144: =N144-P144 -> 132000 | R144: O | T144: =IF(OR(I144="타이어",I144=""),"",C144) | U144: =IF(T144="","","완료")
B145: =B144+1 -> 141 | C145: 45982 | D145: =IF((C145=""),"",(YEAR(C145)&"년")) -> 2025년 | E145: =IF((C145=""),"",(MONTH(C145)&"월")) -> 11월 | F145: =CONCATENATE(D145,E145) -> 2025년11월 | G145: 대명특장 | H145: =IFERROR((VLOOKUP(G145,Backdata!G:H,2,0)),"") -> 476-46-00898 | I145: 타이어 | J145: MAXAM | K145: 650-10 | L145: 2 | M145: 180000 | N145: =M145*L145*1.1 -> 396000 | O145: 160000 | P145: =O145*L145*1.1 -> 352000 | Q145: =N145-P145 -> 44000 | R145: O | T145: =IF(OR(I145="타이어",I145=""),"",C145) | U145: =IF(T145="","","완료")
B146: =B145+1 -> 142 | C146: 45982 | D146: =IF((C146=""),"",(YEAR(C146)&"년")) -> 2025년 | E146: =IF((C146=""),"",(MONTH(C146)&"월")) -> 11월 | F146: =CONCATENATE(D146,E146) -> 2025년11월 | G146: 대명특장 | H146: =IFERROR((VLOOKUP(G146,Backdata!G:H,2,0)),"") -> 476-46-00898 | I146: 타이어 | J146: 공임 | L146: 6 | M146: 25000 | N146: =M146*L146*1.1 -> 165000 | O146: 20000 | P146: =O146*L146*1.1 -> 132000 | Q146: =N146-P146 -> 33000 | R146: O | T146: =IF(OR(I146="타이어",I146=""),"",C146) | U146: =IF(T146="","","완료")
B147: =B146+1 -> 143 | C147: 45986 | D147: =IF((C147=""),"",(YEAR(C147)&"년")) -> 2025년 | E147: =IF((C147=""),"",(MONTH(C147)&"월")) -> 11월 | F147: =CONCATENATE(D147,E147) -> 2025년11월 | G147: 주식회사 에스제이 | H147: =IFERROR((VLOOKUP(G147,Backdata!G:H,2,0)),"") -> 235-86-01235 | I147: 렌탈 | J147: 현대 | K147: 3톤 | L147: 2 | M147: 1100000 | N147: =M147*L147*1.1 -> 2420000 | O147: 800000 | P147: =O147*L147*1.1 -> 1760000 | Q147: =N147-P147 -> 660000 | R147: O | S147: O | T147: =IF(OR(I147="타이어",I147=""),"",C147) -> 45986 | U147: =IF(T147="","","완료") -> 완료 | V147: O
B148: =B147+1 -> 144 | C148: 45994 | D148: =IF((C148=""),"",(YEAR(C148)&"년")) -> 2025년 | E148: =IF((C148=""),"",(MONTH(C148)&"월")) -> 12월 | F148: =CONCATENATE(D148,E148) -> 2025년12월 | G148: 혁신상사 주식회사 | H148: =IFERROR((VLOOKUP(G148,Backdata!G:H,2,0)),"") -> 312-86-18125 | I148: 타이어 | J148: MAXAM | K148: 500-8 | L148: 2 | M148: 87000 | N148: =M148*L148*1.1 -> 191400 | O148: 80000 | P148: =O148*L148*1.1 -> 176000 | Q148: =N148-P148 -> 15400 | R148: O | S148: O | T148: 45996 | U148: =IF(T148="","","완료") -> 완료
B149: =B148+1 -> 145 | C149: 45994 | D149: =IF((C149=""),"",(YEAR(C149)&"년")) -> 2025년 | E149: =IF((C149=""),"",(MONTH(C149)&"월")) -> 12월 | F149: =CONCATENATE(D149,E149) -> 2025년12월 | G149: 에코파밍 주식회사 | H149: =IFERROR((VLOOKUP(G149,Backdata!G:H,2,0)),"") -> 318-81-11047 | I149: 렌탈 | J149: BYD | K149: 2.5톤 | L149: 1 | M149: 630000 | N149: =M149*L149*1.1 -> 693000 | O149: 580000 | P149: =O149*L149*1.1 -> 638000 | Q149: =N149-P149 -> 55000 | R149: O | S149: O | T149: =IF(OR(I149="타이어",I149=""),"",C149) -> 45994 | U149: =IF(T149="","","완료") -> 완료 | V149: O
B150: =B149+1 -> 146 | C150: 45995 | D150: =IF((C150=""),"",(YEAR(C150)&"년")) -> 2025년 | E150: =IF((C150=""),"",(MONTH(C150)&"월")) -> 12월 | F150: =CONCATENATE(D150,E150) -> 2025년12월 | G150: 주식회사 에스제이 | H150: =IFERROR((VLOOKUP(G150,Backdata!G:H,2,0)),"") -> 235-86-01235 | I150: 렌탈 | J150: 두산 | K150: 4.5톤 | L150: 1 | M150: 1450000 | N150: =M150*L150*1.1 -> 1595000 | O150: 1000000 | P150: =O150*L150*1.1 -> 1100000 | Q150: =N150-P150 -> 495000 | R150: O | S150: O | T150: =IF(OR(I150="타이어",I150=""),"",C150) -> 45995 | U150: =IF(T150="","","완료") -> 완료
B151: =B150+1 -> 147 | C151: 46000 | D151: =IF((C151=""),"",(YEAR(C151)&"년")) -> 2025년 | E151: =IF((C151=""),"",(MONTH(C151)&"월")) -> 12월 | F151: =CONCATENATE(D151,E151) -> 2025년12월 | G151: 두산지게차순천판매주식회사 | H151: =IFERROR((VLOOKUP(G151,Backdata!G:H,2,0)),"") -> 416-81-34873 | I151: 타이어 | J151: 금호타이어 | K151: 650-10 | L151: 2 | M151: 130000 | N151: =M151*L151*1.1 -> 286000 | O151: 125000 | P151: =O151*L151*1.1 -> 275000 | Q151: =N151-P151 -> 11000 | R151: O | S151: O | T151: 46002 | U151: =IF(T151="","","완료") -> 완료 | V151: O
B152: =B151+1 -> 148 | C152: 46000 | D152: =IF((C152=""),"",(YEAR(C152)&"년")) -> 2025년 | E152: =IF((C152=""),"",(MONTH(C152)&"월")) -> 12월 | F152: =CONCATENATE(D152,E152) -> 2025년12월 | G152: 두산지게차순천판매주식회사 | H152: =IFERROR((VLOOKUP(G152,Backdata!G:H,2,0)),"") -> 416-81-34873 | I152: 타이어 | J152: 택배비 | L152: 2 | M152: 6000 | N152: =M152*L152*1.1 -> 13200 | O152: 6000 | P152: =O152*L152*1.1 -> 13200 | Q152: =N152-P152 -> 0 | R152: O | S152: O | T152: 46002 | U152: =IF(T152="","","완료") -> 완료 | V152: O
B153: =B152+1 -> 149 | C153: 46000 | D153: =IF((C153=""),"",(YEAR(C153)&"년")) -> 2025년 | E153: =IF((C153=""),"",(MONTH(C153)&"월")) -> 12월 | F153: =CONCATENATE(D153,E153) -> 2025년12월 | G153: 주식회사 비엠삼우 | H153: =IFERROR((VLOOKUP(G153,Backdata!G:H,2,0)),"") -> 141-81-05834 | I153: 타이어 | J153: MAXAM | K153: 700-12 | L153: 2 | M153: 210000 | N153: =M153*L153*1.1 -> 462000 | O153: 200000 | P153: =O153*L153*1.1 -> 440000 | Q153: =N153-P153 -> 22000 | R153: O | T153: 46001 | U153: =IF(T153="","","완료") -> 완료
B154: =B153+1 -> 150 | C154: 46001 | D154: =IF((C154=""),"",(YEAR(C154)&"년")) -> 2025년 | E154: =IF((C154=""),"",(MONTH(C154)&"월")) -> 12월 | F154: =CONCATENATE(D154,E154) -> 2025년12월 | G154: 현대지게차경기북부판매(주) | H154: =IFERROR((VLOOKUP(G154,Backdata!G:H,2,0)),"") -> 428-86-01083 | I154: 타이어 | J154: 올프로 | K154: 650-10 | L154: 2 | M154: 200000 | N154: =M154*L154*1.1 -> 440000 | O154: 190000 | P154: =O154*L154*1.1 -> 418000 | Q154: =N154-P154 -> 22000 | R154: O | T154: 46001 | U154: =IF(T154="","","완료") -> 완료
B155: =B154+1 -> 151 | C155: 46002 | D155: =IF((C155=""),"",(YEAR(C155)&"년")) -> 2025년 | E155: =IF((C155=""),"",(MONTH(C155)&"월")) -> 12월 | F155: =CONCATENATE(D155,E155) -> 2025년12월 | G155: 티엘에스코리아 주식회사 | H155: =IFERROR((VLOOKUP(G155,Backdata!G:H,2,0)),"") -> 897-86-02385 | I155: 타이어 | J155: MAXAM | K155: 16*7-10 1/2 | L155: 2 | M155: 180000 | N155: =M155*L155*1.1 -> 396000 | O155: 150000 | P155: =O155*L155*1.1 -> 330000 | Q155: =N155-P155 -> 66000 | R155: O | S155: O | T155: 46006 | U155: =IF(T155="","","완료") -> 완료 | V155: O
B156: =B155+1 -> 152 | C156: 46002 | D156: =IF((C156=""),"",(YEAR(C156)&"년")) -> 2025년 | E156: =IF((C156=""),"",(MONTH(C156)&"월")) -> 12월 | F156: =CONCATENATE(D156,E156) -> 2025년12월 | G156: 티엘에스코리아 주식회사 | H156: =IFERROR((VLOOKUP(G156,Backdata!G:H,2,0)),"") -> 897-86-02385 | I156: 타이어 | J156: MAXAM | K156: 18*5-12 1/8 | L156: 2 | M156: 230000 | N156: =M156*L156*1.1 -> 506000 | O156: 200000 | P156: =O156*L156*1.1 -> 440000 | Q156: =N156-P156 -> 66000 | R156: O | S156: O | T156: 46006 | U156: =IF(T156="","","완료") -> 완료 | V156: O
B157: =B156+1 -> 153 | C157: 46002 | D157: =IF((C157=""),"",(YEAR(C157)&"년")) -> 2025년 | E157: =IF((C157=""),"",(MONTH(C157)&"월")) -> 12월 | F157: =CONCATENATE(D157,E157) -> 2025년12월 | G157: 티엘에스코리아 주식회사 | H157: =IFERROR((VLOOKUP(G157,Backdata!G:H,2,0)),"") -> 897-86-02385 | I157: 타이어 | J157: MAXAM | K157: 18*6-12 1/8 | L157: 2 | M157: 250000 | N157: =M157*L157*1.1 -> 550000 | O157: 220000 | P157: =O157*L157*1.1 -> 484000 | Q157: =N157-P157 -> 66000 | R157: O | S157: O | T157: 46006 | U157: =IF(T157="","","완료") -> 완료 | V157: O
B158: =B157+1 -> 154 | C158: 46002 | D158: =IF((C158=""),"",(YEAR(C158)&"년")) -> 2025년 | E158: =IF((C158=""),"",(MONTH(C158)&"월")) -> 12월 | F158: =CONCATENATE(D158,E158) -> 2025년12월 | G158: 백호중기 | H158: =IFERROR((VLOOKUP(G158,Backdata!G:H,2,0)),"") -> 134-12-98663 | I158: 타이어 | J158: 올프로 | K158: 21*8-9 | L158: 4 | M158: 210000 | N158: =M158*L158*1.1 -> 924000 | O158: 200000 | P158: =O158*L158*1.1 -> 880000 | Q158: =N158-P158 -> 44000 | R158: O | T158: =IF(OR(I158="타이어",I158=""),"",C158) | U158: =IF(T158="","","완료")
B159: =B158+1 -> 155 | C159: 46006 | D159: =IF((C159=""),"",(YEAR(C159)&"년")) -> 2025년 | E159: =IF((C159=""),"",(MONTH(C159)&"월")) -> 12월 | F159: =CONCATENATE(D159,E159) -> 2025년12월 | G159: 현대지게차경기북부판매(주) | H159: =IFERROR((VLOOKUP(G159,Backdata!G:H,2,0)),"") -> 428-86-01083 | I159: 타이어 | J159: 흥아 | K159: 700-12 | L159: 2 | M159: 175000 | N159: =M159*L159*1.1 -> 385000 | O159: 135000 | P159: =O159*L159*1.1 -> 297000 | Q159: =N159-P159 -> 88000 | R159: O | T159: 46007 | U159: =IF(T159="","","완료") -> 완료
B160: =B159+1 -> 156 | C160: 46006 | D160: =IF((C160=""),"",(YEAR(C160)&"년")) -> 2025년 | E160: =IF((C160=""),"",(MONTH(C160)&"월")) -> 12월 | F160: =CONCATENATE(D160,E160) -> 2025년12월 | G160: 현대지게차경기북부판매(주) | H160: =IFERROR((VLOOKUP(G160,Backdata!G:H,2,0)),"") -> 428-86-01083 | I160: 타이어 | J160: 더블코인 | K160: 700-12 | L160: -2 | M160: 110000 | N160: =M160*L160*1.1 -> -242000 | O160: 110000 | P160: =O160*L160*1.1 -> -242000 | Q160: =N160-P160 -> 0 | R160: O | T160: 46007 | U160: =IF(T160="","","완료") -> 완료
B161: =B160+1 -> 157 | C161: 46006 | D161: =IF((C161=""),"",(YEAR(C161)&"년")) -> 2025년 | E161: =IF((C161=""),"",(MONTH(C161)&"월")) -> 12월 | F161: =CONCATENATE(D161,E161) -> 2025년12월 | G161: 현대지게차경기북부판매(주) | H161: =IFERROR((VLOOKUP(G161,Backdata!G:H,2,0)),"") -> 428-86-01083 | I161: 타이어 | J161: 노쥬브 | K161: 825-15 | L161: 6 | M161: 270000 | N161: =M161*L161*1.1 -> 1782000 | O161: 240000 | P161: =O161*L161*1.1 -> 1584000 | Q161: =N161-P161 -> 198000 | R161: O | T161: 46007 | U161: =IF(T161="","","완료") -> 완료
B162: =B161+1 -> 158 | C162: 46006 | D162: =IF((C162=""),"",(YEAR(C162)&"년")) -> 2025년 | E162: =IF((C162=""),"",(MONTH(C162)&"월")) -> 12월 | F162: =CONCATENATE(D162,E162) -> 2025년12월 | G162: 현대지게차경기북부판매(주) | H162: =IFERROR((VLOOKUP(G162,Backdata!G:H,2,0)),"") -> 428-86-01083 | I162: 타이어 | J162: 휠 | K162: 825-15 | L162: 6 | M162: 140000 | N162: =M162*L162*1.1 -> 924000 | O162: 120000 | P162: =O162*L162*1.1 -> 792000 | Q162: =N162-P162 -> 132000 | R162: O | T162: 46007 | U162: =IF(T162="","","완료") -> 완료
...

Sheet 입금현황
B2: 매출월 : | C2: 1월
B4: 매출처 (타이어) | C4: 매출액(VAT포함) | D4: 입금(Y/N) | E4: 입금일자 | F4: 입금은행 | H4: 매출처 (타이어 제외) | I4: 매출액(VAT포함) | J4: 입금(Y/N) | K4: 입금일자 | L4: 입금은행
B6: {=_xlfn.UNIQUE(_xlfn._xlws.FILTER(RAW!G:G, (RAW!E:E=C2)*(RAW!N:N>0)*(RAW!I:I="타이어"), ""))} -> #VALUE! | C6: =IFERROR((SUMIFS(RAW!N:N,RAW!G:G,입금현황!B6, RAW!E:E,입금현황!$C$49, RAW!I:I, "타이어")*1.1),"") -> 0 | H6: {=_xlfn.UNIQUE(_xlfn._xlws.FILTER(RAW!G:G, (RAW!E:E=C2)*(RAW!N:N>0)*(RAW!I:I<>"타이어"), ""))} -> 에코파밍 주식회사 | I6: =((SUMIFS(RAW!N:N,RAW!E:E,입금현황!$C$49,RAW!G:G,입금현황!H6))-(SUMIFS(RAW!N:N,RAW!E:E,입금현황!$C$49,RAW!I:I,"타이어",RAW!G:G,입금현황!H6)))*1.1 -> 762300
H7: 주식회사 에스제이
B8: 매출월 : | C8: 2월
B10: 매출처 (타이어) | C10: 매출액(VAT포함) | D10: 입금(Y/N) | E10: 입금일자 | F10: 입금은행 | H10: 매출처 (타이어 제외) | I10: 매출액(VAT포함)
B12: {=_xlfn.UNIQUE(_xlfn._xlws.FILTER(RAW!G:G, (RAW!E:E=C8)*(RAW!N:N>0)*(RAW!I:I="타이어"), ""))} -> 혁신상사 주식회사 | C12: =IFERROR((SUMIFS(RAW!N:N,RAW!G:G,입금현황!B12, RAW!E:E,입금현황!$C$57, RAW!I:I, "타이어")*1.1),"") -> 0 | H12: {=_xlfn.UNIQUE(_xlfn._xlws.FILTER(RAW!G:G, (RAW!E:E=C8)*(RAW!N:N>0)*(RAW!I:I<>"타이어"), ""))} -> 에코파밍 주식회사 | I12: =((SUMIFS(RAW!N:N,RAW!E:E,입금현황!$C$57,RAW!G:G,입금현황!H12))-(SUMIFS(RAW!N:N,RAW!E:E,입금현황!$C$57,RAW!I:I,"타이어",RAW!G:G,입금현황!H12)))*1.1 -> 762300
B13: (주)에이치씨물류 | H13: 주식회사 에스제이
B14: 매출월 : | C14: 3월
B16: 매출처 (타이어) | C16: 매출액(VAT포함) | D16: 입금(Y/N) | E16: 입금일자 | F16: 입금은행 | H16: 매출처 (타이어 제외) | I16: 매출액(VAT포함) | J16: 입금(Y/N) | K16: 입금일자 | L16: 입금은행
B18: {=_xlfn.UNIQUE(_xlfn._xlws.FILTER(RAW!G:G, (RAW!E:E=C14)*(RAW!N:N>0)*(RAW!I:I="타이어"), ""))} -> 현대지게차경기북부판매(주) | C18: =IFERROR((SUMIFS(RAW!N:N,RAW!G:G,입금현황!B18, RAW!E:E,입금현황!$C$64, RAW!I:I, "타이어")*1.1),"") -> 1766600 | H18: {=_xlfn.UNIQUE(_xlfn._xlws.FILTER(RAW!G:G, (RAW!E:E=C14)*(RAW!N:N>0)*(RAW!I:I<>"타이어"), ""))} -> 주식회사 에스제이 | I18: =((SUMIFS(RAW!N:N,RAW!E:E,입금현황!$C$14,RAW!G:G,입금현황!H18))-(SUMIFS(RAW!N:N,RAW!E:E,입금현황!$C$14,RAW!I:I,"타이어",RAW!G:G,입금현황!H18)))*1.1 -> 1754500 | J18: Y
C19: =IFERROR((SUMIFS(RAW!N:N,RAW!G:G,입금현황!B19, RAW!E:E,입금현황!$C$64, RAW!I:I, "타이어")*1.1),"") -> 0 | H19: 코오롱글로벌(주)상사부문 | I19: =((SUMIFS(RAW!N:N,RAW!E:E,입금현황!$C$14,RAW!G:G,입금현황!H19))-(SUMIFS(RAW!N:N,RAW!E:E,입금현황!$C$14,RAW!I:I,"타이어",RAW!G:G,입금현황!H19)))*1.1 -> 3630000 | J19: Y
H20: 에코파밍 주식회사
B21: 매출월 : | C21: 4월
B23: 매출처 (타이어) | C23: 매출액(VAT포함) | D23: 입금(Y/N) | E23: 입금일자 | F23: 입금은행 | H23: 매출처 (타이어 제외) | I23: 매출액(VAT포함) | J23: 입금(Y/N) | K23: 입금일자 | L23: 입금은행
B25: {=_xlfn.UNIQUE(_xlfn._xlws.FILTER(RAW!G:G, (RAW!E:E=C21)*(RAW!N:N>0)*(RAW!I:I="타이어"), ""))} -> 도화중기주식회사 | C25: =IFERROR((SUMIFS(RAW!N:N,RAW!G:G,입금현황!B25, RAW!E:E,입금현황!$C$21, RAW!I:I, "타이어")*1.1),"") -> 2458720 | D25: Y | H25: {=_xlfn.UNIQUE(_xlfn._xlws.FILTER(RAW!G:G, (RAW!E:E=C21)*(RAW!N:N>0)*(RAW!I:I<>"타이어"), ""))} -> 주식회사 에스제이 | I25: =((SUMIFS(RAW!N:N,RAW!E:E,입금현황!$C$21,RAW!G:G,입금현황!H25))-(SUMIFS(RAW!N:N,RAW!E:E,입금현황!$C$21,RAW!I:I,"타이어",RAW!G:G,입금현황!H25)))*1.1 -> 1754500 | J25: Y
B26: 상주대형중기화물 | C26: =IFERROR((SUMIFS(RAW!N:N,RAW!G:G,입금현황!B26, RAW!E:E,입금현황!$C$21, RAW!I:I, "타이어")*1.1),"") -> 3264580 | D26: Y | H26: 에코파밍 주식회사 | I26: =((SUMIFS(RAW!N:N,RAW!E:E,입금현황!$C$21,RAW!G:G,입금현황!H26))-(SUMIFS(RAW!N:N,RAW!E:E,입금현황!$C$21,RAW!I:I,"타이어",RAW!G:G,입금현황!H26)))*1.1 -> 762300 | J26: Y
B28: 매출월 : | C28: 5월
B30: 매출처 (타이어) | C30: 매출액(VAT포함) | D30: 입금(Y/N) | E30: 입금일자 | F30: 입금은행 | H30: 매출처 (타이어 제외) | I30: 매출액(VAT포함) | J30: 입금(Y/N) | K30: 입금일자 | L30: 입금은행
B32: {=_xlfn.UNIQUE(_xlfn._xlws.FILTER(RAW!G:G, (RAW!E:E=C28)*(RAW!N:N>0)*(RAW!I:I="타이어"), ""))} -> 상주대형중기화물 | C32: =IFERROR((SUMIFS(RAW!N:N,RAW!G:G,입금현황!B32, RAW!E:E,입금현황!$C$28, RAW!I:I, "타이어")*1.1),"") -> 1904540 | D32: Y | H32: {=_xlfn.UNIQUE(_xlfn._xlws.FILTER(RAW!G:G, (RAW!E:E=C28)*(RAW!N:N>0)*(RAW!I:I<>"타이어"), ""))} -> 동성종합지게차 | I32: =((SUMIFS(RAW!N:N,RAW!E:E,입금현황!$C$28,RAW!G:G,입금현황!H32))-(SUMIFS(RAW!N:N,RAW!E:E,입금현황!$C$28,RAW!I:I,"타이어",RAW!G:G,입금현황!H32)))*1.1 -> 72600000 | J32: Y
B33: 도화중기주식회사 | C33: =IFERROR((SUMIFS(RAW!N:N,RAW!G:G,입금현황!B33, RAW!E:E,입금현황!$C$28, RAW!I:I, "타이어")*1.1),"") -> 13670580 | D33: Y | H33: 에코파밍 주식회사 | I33: =((SUMIFS(RAW!N:N,RAW!E:E,입금현황!$C$28,RAW!G:G,입금현황!H33))-(SUMIFS(RAW!N:N,RAW!E:E,입금현황!$C$28,RAW!I:I,"타이어",RAW!G:G,입금현황!H33)))*1.1 -> 762300 | J33: Y
B34: (주)디피엘 | C34: =IFERROR((SUMIFS(RAW!N:N,RAW!G:G,입금현황!B34, RAW!E:E,입금현황!$C$28, RAW!I:I, "타이어")*1.1),"") -> 696960 | D34: Y | H34: 주식회사 에스제이 | I34: =((SUMIFS(RAW!N:N,RAW!E:E,입금현황!$C$28,RAW!G:G,입금현황!H34))-(SUMIFS(RAW!N:N,RAW!E:E,입금현황!$C$28,RAW!I:I,"타이어",RAW!G:G,입금현황!H34)))*1.1 -> 4416500 | J34: Y
B35: 현대지게차경기북부판매(주) | C35: =IFERROR((SUMIFS(RAW!N:N,RAW!G:G,입금현황!B35, RAW!E:E,입금현황!$C$28, RAW!I:I, "타이어")*1.1),"") -> 3751000 | D35: Y | H35: 현대지게차경기북부판매(주) | I35: =((SUMIFS(RAW!N:N,RAW!E:E,입금현황!$C$28,RAW!G:G,입금현황!H35))-(SUMIFS(RAW!N:N,RAW!E:E,입금현황!$C$28,RAW!I:I,"타이어",RAW!G:G,입금현황!H35)))*1.1 -> 2420000 | J35: Y
B36: 주식회사 현대지게차 | C36: =IFERROR((SUMIFS(RAW!N:N,RAW!G:G,입금현황!B36, RAW!E:E,입금현황!$C$28, RAW!I:I, "타이어")*1.1),"") -> 217800 | D36: Y | H36: 선호지게차 | J36: Y
B38: 매출월 : | C38: 6월
B40: 매출처 (타이어) | C40: 매출액(VAT포함) | D40: 입금(Y/N) | E40: 입금일자 | F40: 입금은행 | H40: 매출처 (타이어 제외) | I40: 매출액(VAT포함) | J40: 입금(Y/N) | K40: 입금일자 | L40: 입금은행
B42: {=_xlfn.UNIQUE(_xlfn._xlws.FILTER(RAW!G:G, (RAW!E:E=C38)*(RAW!N:N>0)*(RAW!I:I="타이어"), ""))} -> 현대지게차경기북부판매(주) | C42: =IFERROR((SUMIFS(RAW!N:N,RAW!G:G,입금현황!B42, RAW!E:E,입금현황!$C$38, RAW!I:I, "타이어")*1.1),"") -> 3726800 | D42: Y | H42: {=_xlfn.UNIQUE(_xlfn._xlws.FILTER(RAW!G:G, (RAW!E:E=C38)*(RAW!N:N>0)*(RAW!I:I<>"타이어"), ""))} -> 동성종합지게차 | I42: =((SUMIFS(RAW!N:N,RAW!E:E,입금현황!$C$38,RAW!G:G,입금현황!H42))-(SUMIFS(RAW!N:N,RAW!E:E,입금현황!$C$38,RAW!I:I,"타이어",RAW!G:G,입금현황!H42)))*1.1 -> 5592341.7 | J42: Y
B43: 도화중기주식회사 | C43: =IFERROR((SUMIFS(RAW!N:N,RAW!G:G,입금현황!B43, RAW!E:E,입금현황!$C$38, RAW!I:I, "타이어")*1.1),"") -> 2640220 | D43: Y | H43: 주식회사 에스제이 | I43: =((SUMIFS(RAW!N:N,RAW!E:E,입금현황!$C$38,RAW!G:G,입금현황!H43))-(SUMIFS(RAW!N:N,RAW!E:E,입금현황!$C$38,RAW!I:I,"타이어",RAW!G:G,입금현황!H43)))*1.1 -> 5626500 | J43: Y
B44: 동성종합지게차 | C44: =IFERROR((SUMIFS(RAW!N:N,RAW!G:G,입금현황!B44, RAW!E:E,입금현황!$C$38, RAW!I:I, "타이어")*1.1),"") -> 1827100 | D44: Y | H44: 에코파밍 주식회사 | I44: =((SUMIFS(RAW!N:N,RAW!E:E,입금현황!$C$38,RAW!G:G,입금현황!H44))-(SUMIFS(RAW!N:N,RAW!E:E,입금현황!$C$38,RAW!I:I,"타이어",RAW!G:G,입금현황!H44)))*1.1 -> 762300 | J44: Y
B45: 백호중기 | C45: =IFERROR((SUMIFS(RAW!N:N,RAW!G:G,입금현황!B45, RAW!E:E,입금현황!$C$38, RAW!I:I, "타이어")*1.1),"") -> 1452000 | D45: Y | H45: 주식회사 크린어스 | I45: =((SUMIFS(RAW!N:N,RAW!E:E,입금현황!$C$38,RAW!G:G,입금현황!H45))-(SUMIFS(RAW!N:N,RAW!E:E,입금현황!$C$38,RAW!I:I,"타이어",RAW!G:G,입금현황!H45)))*1.1 -> 4307600 | J45: Y
C46: =IFERROR((SUMIFS(RAW!N:N,RAW!G:G,입금현황!B46, RAW!E:E,입금현황!$C$89, RAW!I:I, "타이어")*1.1),"") -> 0 | H46: 코오롱글로벌(주)상사부문 | I46: =((SUMIFS(RAW!N:N,RAW!E:E,입금현황!$C$38,RAW!G:G,입금현황!H46))-(SUMIFS(RAW!N:N,RAW!E:E,입금현황!$C$38,RAW!I:I,"타이어",RAW!G:G,입금현황!H46)))*1.1 -> 18755000 | J46: Y
C47: =IFERROR((SUMIFS(RAW!N:N,RAW!G:G,입금현황!B47, RAW!E:E,입금현황!$C$89, RAW!I:I, "타이어")*1.1),"") -> 0 | H47: 농업회사법인 주식회사 이엔푸드 | I47: =((SUMIFS(RAW!N:N,RAW!E:E,입금현황!$C$38,RAW!G:G,입금현황!H47))-(SUMIFS(RAW!N:N,RAW!E:E,입금현황!$C$38,RAW!I:I,"타이어",RAW!G:G,입금현황!H47)))*1.1 -> 387200 | J47: Y
B49: 매출월 : | C49: 7월
B51: 매출처 (타이어) | C51: 매출액(VAT포함) | D51: 입금(Y/N) | E51: 입금일자 | F51: 입금은행 | H51: 매출처 (타이어 제외) | I51: 매출액(VAT포함) | J51: 입금(Y/N) | K51: 입금일자 | L51: 입금은행
B53: {=_xlfn.UNIQUE(_xlfn._xlws.FILTER(RAW!G:G, (RAW!E:E=C49)*(RAW!N:N>0)*(RAW!I:I="타이어"), ""))} -> 현대지게차경기북부판매(주) | C53: =IFERROR((SUMIFS(RAW!N:N,RAW!G:G,입금현황!B53, RAW!E:E,입금현황!$C$49, RAW!I:I, "타이어")*1.1),"") -> 5043280 | D53: Y | H53: {=_xlfn.UNIQUE(_xlfn._xlws.FILTER(RAW!G:G, (RAW!E:E=C49)*(RAW!N:N>0)*(RAW!I:I<>"타이어"), ""))} -> 주식회사 에스제이 | I53: =((SUMIFS(RAW!N:N,RAW!E:E,입금현황!$C$49,RAW!G:G,입금현황!H53))-(SUMIFS(RAW!N:N,RAW!E:E,입금현황!$C$49,RAW!I:I,"타이어",RAW!G:G,입금현황!H53)))*1.1 -> 4416500 | J53: Y
B54: 백호중기 | C54: =IFERROR((SUMIFS(RAW!N:N,RAW!G:G,입금현황!B54, RAW!E:E,입금현황!$C$49, RAW!I:I, "타이어")*1.1),"") -> 4646400 | D54: Y | H54: 에코파밍 주식회사 | I54: =((SUMIFS(RAW!N:N,RAW!E:E,입금현황!$C$49,RAW!G:G,입금현황!H54))-(SUMIFS(RAW!N:N,RAW!E:E,입금현황!$C$49,RAW!I:I,"타이어",RAW!G:G,입금현황!H54)))*1.1 -> 762300 | J54: Y
B55: 도화중기주식회사 | C55: =IFERROR((SUMIFS(RAW!N:N,RAW!G:G,입금현황!B55, RAW!E:E,입금현황!$C$49, RAW!I:I, "타이어")*1.1),"") -> 3775200 | D55: Y
B57: 매출월 : | C57: 8월
B59: 매출처 (타이어) | C59: 매출액(VAT포함) | D59: 입금(Y/N) | E59: 입금일자 | F59: 입금은행 | H59: 매출처 (타이어 제외) | I59: 매출액(VAT포함)
B61: {=_xlfn.UNIQUE(_xlfn._xlws.FILTER(RAW!G:G, (RAW!E:E=C57)*(RAW!N:N>0)*(RAW!I:I="타이어"), ""))} -> 현대지게차경기북부판매(주) | C61: =IFERROR((SUMIFS(RAW!N:N,RAW!G:G,입금현황!B61, RAW!E:E,입금현황!$C$57, RAW!I:I, "타이어")*1.1),"") -> 3496900 | D61: Y | H61: {=_xlfn.UNIQUE(_xlfn._xlws.FILTER(RAW!G:G, (RAW!E:E=C57)*(RAW!N:N>0)*(RAW!I:I<>"타이어"), ""))} -> 주식회사 에스제이 | I61: =((SUMIFS(RAW!N:N,RAW!E:E,입금현황!$C$57,RAW!G:G,입금현황!H61))-(SUMIFS(RAW!N:N,RAW!E:E,입금현황!$C$57,RAW!I:I,"타이어",RAW!G:G,입금현황!H61)))*1.1 -> 4416500 | J61: Y
B62: 백호중기 | C62: =IFERROR((SUMIFS(RAW!N:N,RAW!G:G,입금현황!B62, RAW!E:E,입금현황!$C$57, RAW!I:I, "타이어")*1.1),"") -> 5904800 | D62: Y | H62: 에코파밍 주식회사 | I62: =((SUMIFS(RAW!N:N,RAW!E:E,입금현황!$C$57,RAW!G:G,입금현황!H62))-(SUMIFS(RAW!N:N,RAW!E:E,입금현황!$C$57,RAW!I:I,"타이어",RAW!G:G,입금현황!H62)))*1.1 -> 762300 | J62: Y
B64: 매출월 : | C64: 9월
B66: 매출처 (타이어) | C66: 매출액(VAT포함) | D66: 입금(Y/N) | E66: 입금일자 | F66: 입금은행 | H66: 매출처 (타이어 제외) | I66: 매출액(VAT포함) | J66: 입금(Y/N) | K66: 입금일자 | L66: 입금은행
B68: {=_xlfn.UNIQUE(_xlfn._xlws.FILTER(RAW!G:G, (RAW!E:E=C64)*(RAW!N:N>0)*(RAW!I:I="타이어"), ""))} -> 현대지게차경기북부판매(주) | C68: =IFERROR((SUMIFS(RAW!N:N,RAW!G:G,입금현황!B68, RAW!E:E,입금현황!$C$64, RAW!I:I, "타이어")*1.1),"") -> 1766600 | D68: Y | H68: {=_xlfn.UNIQUE(_xlfn._xlws.FILTER(RAW!G:G, (RAW!E:E=C64)*(RAW!N:N>0)*(RAW!I:I<>"타이어"), ""))} -> 에코파밍 주식회사 | I68: =((SUMIFS(RAW!N:N,RAW!E:E,입금현황!$C$64,RAW!G:G,입금현황!H68))-(SUMIFS(RAW!N:N,RAW!E:E,입금현황!$C$64,RAW!I:I,"타이어",RAW!G:G,입금현황!H68)))*1.1 -> 762300 | J68: Y
B69: 도화중기주식회사 | C69: =IFERROR((SUMIFS(RAW!N:N,RAW!G:G,입금현황!B69, RAW!E:E,입금현황!$C$64, RAW!I:I, "타이어")*1.1),"") -> 254100 | D69: Y | H69: 주식회사 에스제이 | I69: =((SUMIFS(RAW!N:N,RAW!E:E,입금현황!$C$64,RAW!G:G,입금현황!H69))-(SUMIFS(RAW!N:N,RAW!E:E,입금현황!$C$64,RAW!I:I,"타이어",RAW!G:G,입금현황!H69)))*1.1 -> 4416500 | J69: Y
B70: 백호중기 | C70: =IFERROR((SUMIFS(RAW!N:N,RAW!G:G,입금현황!B70, RAW!E:E,입금현황!$C$64, RAW!I:I, "타이어")*1.1),"") -> 10810140 | D70: Y
B71: 두산지게차순천판매주식회사 | C71: =IFERROR((SUMIFS(RAW!N:N,RAW!G:G,입금현황!B71, RAW!E:E,입금현황!$C$64, RAW!I:I, "타이어")*1.1),"") -> 658240 | D71: Y
B73: 매출월 : | C73: 10월
B75: 매출처 (타이어) | C75: 매출액(VAT포함) | D75: 입금(Y/N) | E75: 입금일자 | F75: 입금은행 | H75: 매출처 (타이어 제외) | I75: 매출액(VAT포함) | J75: 입금(Y/N) | K75: 입금일자 | L75: 입금은행
B77: {=_xlfn.UNIQUE(_xlfn._xlws.FILTER(RAW!G:G, (RAW!E:E=C73)*(RAW!N:N>0)*(RAW!I:I="타이어"), ""))} -> 백호중기 | C77: =IFERROR((SUMIFS(RAW!N:N,RAW!G:G,입금현황!B77, RAW!E:E,입금현황!$C$73, RAW!I:I, "타이어")*1.1),"") -> 2940300 | D77: Y | E77: 45979 | F77: KB | H77: {=_xlfn.UNIQUE(_xlfn._xlws.FILTER(RAW!G:G, (RAW!E:E=C73)*(RAW!N:N>0)*(RAW!I:I<>"타이어"), ""))} -> 에코파밍 주식회사 | I77: =((SUMIFS(RAW!N:N,RAW!E:E,입금현황!$C$73,RAW!G:G,입금현황!H77))-(SUMIFS(RAW!N:N,RAW!E:E,입금현황!$C$73,RAW!I:I,"타이어",RAW!G:G,입금현황!H77)))*1.1 -> 762300 | J77: Y
B78: 현대지게차경기북부판매(주) | C78: =IFERROR((SUMIFS(RAW!N:N,RAW!G:G,입금현황!B78, RAW!E:E,입금현황!$C$73, RAW!I:I, "타이어")*1.1),"") -> 677600 | D78: Y | E78: 45986 | F78: KB | H78: 주식회사 에스제이 | I78: =((SUMIFS(RAW!N:N,RAW!E:E,입금현황!$C$73,RAW!G:G,입금현황!H78))-(SUMIFS(RAW!N:N,RAW!E:E,입금현황!$C$73,RAW!I:I,"타이어",RAW!G:G,입금현황!H78)))*1.1 -> 4416500 | J78: Y
B80: 매출월 : | C80: 11월
B82: 매출처 (타이어) | C82: 매출액(VAT포함) | D82: 입금(Y/N) | E82: 입금일자 | F82: 입금은행 | H82: 매출처 (타이어 제외) | I82: 매출액(VAT포함) | J82: 입금(Y/N) | K82: 입금일자 | L82: 입금은행
B84: {=_xlfn.UNIQUE(_xlfn._xlws.FILTER(RAW!G:G, (RAW!E:E=C80)*(RAW!N:N>0)*(RAW!I:I="타이어"), ""))} -> 백호중기 | C84: =IFERROR((SUMIFS(RAW!N:N,RAW!G:G,입금현황!B84, RAW!E:E,입금현황!$C$80, RAW!I:I, "타이어")*1.1),"") -> 2492600 | D84: Y | E84: 46002 | F84: KB | H84: {=_xlfn.UNIQUE(_xlfn._xlws.FILTER(RAW!G:G, (RAW!E:E=C80)*(RAW!N:N>0)*(RAW!I:I<>"타이어"), ""))} -> 에코파밍 주식회사 | I84: =((SUMIFS(RAW!N:N,RAW!E:E,입금현황!$C$80,RAW!G:G,입금현황!H84))-(SUMIFS(RAW!N:N,RAW!E:E,입금현황!$C$80,RAW!I:I,"타이어",RAW!G:G,입금현황!H84)))*1.1 -> 762300 | J84: Y | K84: 45964 | L84: KB
B85: 현대지게차경기북부판매(주) | C85: =IFERROR((SUMIFS(RAW!N:N,RAW!G:G,입금현황!B85, RAW!E:E,입금현황!$C$80, RAW!I:I, "타이어")*1.1),"") -> 813120 | D85: N | H85: 주식회사 에스제이 | I85: =((SUMIFS(RAW!N:N,RAW!E:E,입금현황!$C$80,RAW!G:G,입금현황!H85))-(SUMIFS(RAW!N:N,RAW!E:E,입금현황!$C$80,RAW!I:I,"타이어",RAW!G:G,입금현황!H85)))*1.1 -> 5626500 | J85: Y | K85: 45989 | L85: KB
B86: 대양토탈라인 주식회사 | C86: =IFERROR((SUMIFS(RAW!N:N,RAW!G:G,입금현황!B86, RAW!E:E,입금현황!$C$80, RAW!I:I, "타이어")*1.1),"") -> 11918500 | D86: N | H86: 동성종합지게차 | I86: =((SUMIFS(RAW!N:N,RAW!E:E,입금현황!$C$80,RAW!G:G,입금현황!H86))-(SUMIFS(RAW!N:N,RAW!E:E,입금현황!$C$80,RAW!I:I,"타이어",RAW!G:G,입금현황!H86)))*1.1 -> 30407300 | J86: Y | K86: 45992 | L86: KB
B87: 대명특장 | C87: =IFERROR((SUMIFS(RAW!N:N,RAW!G:G,입금현황!B87, RAW!E:E,입금현황!$C$80, RAW!I:I, "타이어")*1.1),"") -> 1730300 | D87: Y | E87: 45982 | F87: KB | H87: 현대지게차경기북부판매(주) | I87: =((SUMIFS(RAW!N:N,RAW!E:E,입금현황!$C$80,RAW!G:G,입금현황!H87))-(SUMIFS(RAW!N:N,RAW!E:E,입금현황!$C$80,RAW!I:I,"타이어",RAW!G:G,입금현황!H87)))*1.1 -> 4840000 | J87: Y | K87: 45996 | L87: KB
B89: 매출월 : | C89: 12월
B91: 매출처 (타이어) | C91: 매출액(VAT포함) | D91: 입금(Y/N) | E91: 입금일자 | F91: 입금은행 | H91: 매출처 (타이어 제외) | I91: 매출액(VAT포함) | J91: 입금(Y/N) | K91: 입금일자 | L91: 입금은행
B93: {=_xlfn.UNIQUE(_xlfn._xlws.FILTER(RAW!G:G, (RAW!E:E=C89)*(RAW!N:N>0)*(RAW!I:I="타이어"), ""))} -> 혁신상사 주식회사 | C93: =IFERROR((SUMIFS(RAW!N:N,RAW!G:G,입금현황!B93, RAW!E:E,입금현황!$C$89, RAW!I:I, "타이어")*1.1),"") -> 1754500 | D93: N | H93: {=_xlfn.UNIQUE(_xlfn._xlws.FILTER(RAW!G:G, (RAW!E:E=C89)*(RAW!N:N>0)*(RAW!I:I<>"타이어"), ""))} -> 에코파밍 주식회사 | I93: =((SUMIFS(RAW!N:N,RAW!E:E,입금현황!$C$89,RAW!G:G,입금현황!H93))-(SUMIFS(RAW!N:N,RAW!E:E,입금현황!$C$89,RAW!I:I,"타이어",RAW!G:G,입금현황!H93)))*1.1 -> 762300 | J93: Y | K93: 45994 | L93: KB
B94: 두산지게차순천판매주식회사 | C94: =IFERROR((SUMIFS(RAW!N:N,RAW!G:G,입금현황!B94, RAW!E:E,입금현황!$C$89, RAW!I:I, "타이어")*1.1),"") -> 329120 | D94: N | H94: 주식회사 에스제이 | I94: =((SUMIFS(RAW!N:N,RAW!E:E,입금현황!$C$89,RAW!G:G,입금현황!H94))-(SUMIFS(RAW!N:N,RAW!E:E,입금현황!$C$89,RAW!I:I,"타이어",RAW!G:G,입금현황!H94)))*1.1 -> 4416500 | J94: N
B95: 주식회사 비엠삼우 | C95: =IFERROR((SUMIFS(RAW!N:N,RAW!G:G,입금현황!B95, RAW!E:E,입금현황!$C$89, RAW!I:I, "타이어")*1.1),"") -> 508200 | D95: Y | E95: 46001 | F95: IBK
B96: 현대지게차경기북부판매(주) | C96: =IFERROR((SUMIFS(RAW!N:N,RAW!G:G,입금현황!B96, RAW!E:E,입금현황!$C$89, RAW!I:I, "타이어")*1.1),"") -> 3496900 | D96: N
B97: 티엘에스코리아 주식회사 | C97: =IFERROR((SUMIFS(RAW!N:N,RAW!G:G,입금현황!B97, RAW!E:E,입금현황!$C$89, RAW!I:I, "타이어")*1.1),"") -> 1597200 | D97: Y | E97: 46007 | F97: IBK
B98: 백호중기 | C98: =IFERROR((SUMIFS(RAW!N:N,RAW!G:G,입금현황!B98, RAW!E:E,입금현황!$C$89, RAW!I:I, "타이어")*1.1),"") -> 7998100 | D98: N
C99: =IFERROR((SUMIFS(RAW!N:N,RAW!G:G,입금현황!B99, RAW!E:E,입금현황!$C$89, RAW!I:I, "타이어")*1.1),"") -> 0

Sheet 업체별 세부현황
D2: 혁신상사 주식회사 | E2: 12월
C4: 기준 월 | E4: =SUMIFS(RAW!N:N, RAW!G:G, $D$2, RAW!E:E, E2) -> 1595000
C6: 총 매출
C7: 타이어 매출
C8: 상위매출처

Sheet Backdata
A2: {=_xlfn.UNIQUE(_xlfn._xlws.FILTER(RAW!G3:G999, RAW!G3:G999<>""))} -> 고객명
A3: 주식회사 에스제이 | G3: 거래처등록번호 | H3: 종사업장번호 | I3: 대표자 | J3: 사업장주소 | K3: 업태 | S3: 종목
A4: 코오롱글로벌(주)상사부문 | G4: (주)디피엘 | H4: 126-81-12016 | J4: 최인석 | K4: 경기도 이천시 마장면 덕평로 831-35 | L4: 서비스(운수관련)업 | T4: 화물취급장비
A5: 도화중기주식회사 | G5: 기린지게차 | H5: 172-74-00096 | J5: 강용식 | K5: 대구광역시 서구 새방로 95 | L5: 도 | T5: 기계 및 기계부품
A6: 에코파밍 주식회사 | G6: 남영물류산업(주) | H6: 204-81-71256 | J6: 남후식,남희대 | K6: 경기도 광주시 곤지암읍 광여로 515 | L6: 건설업 | T6: 강구조물 철물,메자닌공
A7: 상주대형중기화물 | G7: 농업회사법인 주식회사 이엔푸드 | H7: 403-81-72982 | J7: 문형선 | K7: 전라북도 김제시 백산면 지평선산단5길 284 | L7: 제조업 | T7: 축산물가공식품
A8: 동성종합지게차 | G8: 대명특장 | H8: 476-46-00898 | J8: 백미림 | K8: 경상남도 창원시 진해구 남영로511번길 48(남양동) | L8: 제조업 | T8: 특장차
A9: 현대지게차경기북부판매(주) | G9: 대양토탈라인 주식회사 | H9: 502-81-47188 | J9: 곽충구 | K9: 경상북도 구미시 1공단로4길 38-19 | L9: 운수 | T9: 특수화물자동차
A10: (주)디피엘 | G10: 도화중기주식회사 | H10: 301-86-32786 | J10: 박정규 | K10: 충청북도 진천군 문백면 농다리로 34-18 | L10: 도소매 | T10: 건설기계장비부품
A11: 주식회사 현대지게차 | G11: 동성종합지게차 | H11: 622-09-69331 | J11: 김일홍 | K11: 경상남도 김해시 진영읍 죽곡리 228-1 | L11: 도매업 | T11: 기타운수및기계장비
A12: 선호지게차 | G12: 두산지게차순천판매주식회사 | H12: 416-81-34873 | J12: 김정이 | K12: 전라남도 순천시 해룡면 용전길 2 | L12: 서비스 | T12: 중장비위탁판매
A13: 주식회사 크린어스 | G13: 렌탈로114 | H13: 670-03-02604 | J13: 류종수 | K13: 대구광역시 동구 반야월북로55길 18-3(신서동, 국화빌라) 101호 | L13: 사업시설 관리, 사업지원 및 임대 서비스업 | T13: 기타 산업용 기계 및 장비 임대업
A14: 백호중기 | G14: 백호중기 | H14: 134-12-98663 | J14: 이대홍 | K14: 경기도 김포시 하성면 월하로 589번길 33 | L14: 제조업 | T14: 기타 일반 기계 및 장비 수리업
A15: 농업회사법인 주식회사 이엔푸드 | G15: 상주대형중기화물 | H15: 508-03-62404 | J15: 강미화 | K15: 경상북도 상주시 식산로96 (서곡동) | L15: 운보 | T15: 화물
... A22: (주)에이치씨물류 | G22: 주식회사 지게차나라 | H22: 142-81-55069 | J22: 최영호 | K22: 경기도 용인시 처인구 양지면 남평로 192 | L22: 도매 및 소매업 | T22: 지게차
G23: 주식회사 코지스산업 | H23: 142-81-20556 | J23: 이성준 | K23: 경기도 용인시 기흥구 흥덕1로 13 A동 2003호 (영덕동) | L23: 도소매 | T23: 전동지게차
G24: 주식회사 크린어스 | H24: 138-81-32669 | J24: 윤우용, 유영환 | K24: 경기도 용인시 기흥구 흥덕중앙로 120, 2606호 (영덕동, 유타워) | L24: 제조업 | T24: 자동조정및제어장치
G25: 주식회사 현대지게차 | H25: 125-81-82538 | J25: 최영락 | K25: 경기도 안성시 원곡면 칠곡리 512-10 | L25: 건설업 | T25: 건설기계도급및대여
G26: 천리지게차 | H26: 530-43-00298 | J26: 박노석 | K26: 대구광역시 달성군 현풍면 국가산단북로 340 | L26: 도 | T26: 물류장비,부품
G27: 캄텍주식회사 | H27: 301-81-50703 | J27: 김성근 | K27: 충청북도 진천군 이월면 고등2길 15 | L27: 제조 | T27: 자동차부품
G28: 코오롱글로벌(주)상사부문 | H28: 119-85-35038 | J28: 김정일 | K28: 경기도 과천시 코오롱로11(별양동) | L28: 도매및소매업 | T28: 상품종합도소매
G29: 티엘에스코리아 주식회사 | H29: 897-86-02385 | J29: 김하람 | K29: 충청북도 음성군 삼성면 덕정로 144번길113-74 | L29: 도뫠 및 소매업 | T29: 산업용기계
G30: 혁신상사 주식회사 | H30: 312-86-18125 | J30: 권혁봉 | K30: 충청남도 천안시 서북구 성환읍 왕림길 198-25 | L30: 제조 | T30: 지게차부품
G31: 현대지게차경기북부판매(주) | H31: 428-86-01083 | J31: 김형일 | K31: 경기도 포천시 내촌면 내진로 131 | L31: 도소매 | T31: 중기 및 부품
G32: (주)에이치씨물류 | H32: 503-81-85128 | J32: 서동묵 | K32: 대구광역시 북구 노원로 139-6, 5층(노원동3가) | L32: 운수업
